,country,year,gdp_percap_const,unemployment_pct,inflation_pct,national_income,trade_openness,education_atainment,ppp_to_usd,fx_to_usd,population,inflation_factor,cpi_index,cpi_base,national_income_per_adult_nominal,net_income_real_local,net_income_ppp,net_income_usd_fx,national_income_real_usd
0,Brazil,1960,2603.51901042994,,,15165569912.5199,12.6154715278744,,,8.09970533496995e-14,72388126,,,147063256170.7117,209.5035574276353,,,,
1,Brazil,1961,2743.38888844205,,,15236854859.469,12.8933967789278,,,1.16843478826882e-13,74605447,,,147063256170.7117,204.2324719194967,,,,
2,Brazil,1962,2838.47229916639,,,19926293839.0163,9.38485014285999,,,1.67764155487091e-13,76865323,,,147063256170.7117,259.2364548967849,,,,
3,Brazil,1963,2772.5799490463,,,23021477292.2093,17.9399844236981,,,2.488693976762e-13,79164235,,,147063256170.7117,290.8065402540592,,,,
4,Brazil,1964,2785.07443212682,,,21211892259.9904,12.2058053601836,,,5.42023917053559e-13,81488595,,,147063256170.7117,260.30504342344346,,,,
5,Brazil,1965,2772.67176390786,,,21790035117.19,12.8920351041091,,,8.21654885346591e-13,83817583,,,147063256170.7117,259.9697382969156,,,,
6,Brazil,1966,2878.69979349639,,,25823978009.9173,12.2632941076674,,,9.60713051097307e-13,86139359,,,147063256170.7117,299.79301343439647,,,,
7,Brazil,1967,2921.3724263796,,,29559163247.6664,11.3543843508467,,,1.15260322134062e-12,88446124,,,147063256170.7117,334.20529821822834,,,,
8,Brazil,1968,3126.53548183139,,,33065704447.8652,12.5906263621837,,,1.46959525276793e-12,90741240,,,147063256170.7117,364.39555430215853,,,,
9,Brazil,1969,3338.76247436022,,,36783720975.7678,13.2759246918131,,,1.76336283963875e-12,93045777,,,147063256170.7117,395.3292901811954,,,,
10,Brazil,1970,3595.95086280878,,,41728566935.8317,14.4791733661385,,,1.98785378344809e-12,95375651,,,147063256170.7117,437.5180300036086,,,,
11,Brazil,1971,3907.01225977893,,,48684157318.5706,14.6509169793049,,,2.28822086312487e-12,97739273,,,147063256170.7117,498.102306516753,,,,
12,Brazil,1972,4268.38384697753,,,58075347258.6067,16.1319526216382,,,2.56796001993275e-12,100146797,,,147063256170.7117,579.9021935629823,,,,
13,Brazil,1973,4748.26246385619,,,78380807935.1819,16.8561891361338,,,2.65094052783721e-12,102600976,,,147063256170.7117,763.9382293515599,,,,
14,Brazil,1974,5013.81724730208,,,104325590448.443,20.9677780688456,,,2.9383610615176e-12,105089675,,,147063256170.7117,992.7292138684699,,,,
15,Brazil,1975,5148.9106187339,,,122016649141.279,18.2343303683349,,,3.5168444719385e-12,107619565,,,147063256170.7117,1133.777572333423,,,,
16,Brazil,1976,5543.43637942576,,,150357935666.65,16.4155479824129,,,4.61870733099062e-12,110213349,,,147063256170.7117,1364.244322769377,,,,
17,Brazil,1977,5679.78590996985,,,173253413561.887,15.1552494051265,,,6.12086729455843e-12,112875292,,,147063256170.7117,1534.909992187546,,,,
18,Brazil,1978,5821.49131249962,,,196080790936.193,14.5778875985257,,,7.81974984419137e-12,115600942,,,147063256170.7117,1696.18679176674,,,,
19,Brazil,1979,6069.05474310333,,,218945212519.056,16.5668826070039,,,1.1660690720063e-11,118380821,,,147063256170.7117,1849.4990207835779,,,,
20,Brazil,1980,6472.85214591952,,,227299903221.934,20.1554074919697,,,2.28123189244443e-11,121207461,,,147063256170.7117,1875.2963006290017,,,,
21,Brazil,1981,6055.09781428103,,101.725072957927,252659071917.96,19.6329239927092,,,4.03001093531326e-11,124063109,2.0172507295792697,2.0172507295792697,147063256170.7117,2036.5366784251714,148469256126013.1,,3.684090651592049e+24,1.8419557505910478e+22
22,Brazil,1982,5967.77899586532,,100.54335919485,267229261483.899,16.4911703717319,,,7.76854427171099e-11,126923155,2.0054335919485,4.045462376480887,147063256170.7117,2105.44137107133,76538361969794.08,,9.852342896275575e+23,9.71449037973828e+21
23,Brazil,1983,5664.96368501244,,135.027682230473,191446471084.389,21.9003525232033,,,2.49718172221135e-10,129790077,2.35027682230473,9.507956458948842,147063256170.7117,1475.0470568284586,22815125849471.996,,9.136349848527775e+22,2.9611769407676607e+21
24,Brazil,1984,5841.74986464143,,192.121733132051,197144720543.593,23.8300746657723,,,7.99741323974138e-10,132658864,2.92121733132051,27.774807193322143,147063256170.7117,1486.102885244012,7868682140166.93,,9.839034078000683e+21,1.0438504338916336e+21
25,Brazil,1985,6167.51343658643,,225.989665211895,211063863687.536,20.4497665840761,,,2.68324234084592e-09,135515595,3.25989665211895,90.54300098276018,147063256170.7117,1557.48763592512,2529728424048.858,,9.427879045958014e+20,3.4281765257339326e+20
26,Brazil,1986,6494.28087914562,,147.142826237604,256173864186.931,15.8606541452464,,,5.90968226749251e-09,138336370,2.47142826237604,223.77053158913506,147063256170.7117,1851.8186084175188,1217025639870.3542,,2.0593757579233454e+20,1.6835890921659207e+20
27,Brazil,1987,6591.60882870649,,228.336162575513,282955495997.371,16.2623973390749,,,1.6976307824584e-08,141104944,3.2833616257551297,734.7195763945921,147063256170.7117,2005.2840671363788,401382532785.4631,,2.3643688423474897e+19,5.6637059811270935e+19
28,Brazil,1988,6463.00545238554,,629.114509120897,316712779909.733,17.7672447097778,,,1.1354767374037e-07,143826357,7.2911450912089695,5356.947032844563,147063256170.7117,2202.0496556812113,60452453725.70216,,5.323971133387411e+17,8.69465619107882e+18
29,Brazil,1989,6545.42575572846,,1430.7237251472,435225894864.886,14.3908776472134,91.306,,1.22638743473744e-06,146502972,15.307237251472,82000.0591753207,147063256170.7117,2970.764953934764,5327927465.38615,,4344408067526245.0,7.805572082794981e+17
30,Brazil,1990,6149.86788926381,,2947.73277248299,374726500000.0,15.1555990810218,90.029,1.15782219429686e-05,2.95572678942699e-05,149143223,30.4773277248299,2499142.676941694,147063256170.7117,2512.5278404369737,147850912.572307,377438699.38215154,5002184677595.658,2.205096162452509e+16
31,Brazil,1991,6107.64883675747,6.894,432.786661926461,334857954545.455,16.5920777626646,,5.786524309956e-05,0.000175961443086024,151724256,5.3278666192646105,13315098.845257252,147063256170.7117,2207.016619316657,24376165.301633764,74125070.48486863,138531287730.55554,3698455544523398.5
32,Brazil,1992,5973.98285622586,7.086,951.962053052818,322000921658.986,19.2533747878959,86.302,0.000604804339691318,0.00195302352248811,154275079,10.51962053052818,140069787.17858025,147063256170.7117,2087.186885569419,2191396.915862413,7076420.327889106,1122053518.8795989,338077932315030.1
33,Brazil,1993,6167.46092178931,6.03,1927.38079016026,359326075711.263,19.5993205474635,,0.0123840650913086,0.038276610926673,156794577,20.2738079016026,2839747958.0768948,147063256170.7117,2291.699640295997,118681.24081526397,366819.42847416206,3100620.403478855,18608574951464.45
34,Brazil,1994,6427.16901943704,6.578,2075.88839757325,505178915093.488,18.6747597961023,,0.283749422452663,0.664683514070577,159265006,21.758883975732502,61789746340.11844,147063256170.7117,3171.93919606852,7549.40316442885,17684.490002108225,11357.89139435049,1202355740279.1797
35,Brazil,1995,6596.33572674819,7.092,66.0070335542481,758585921145.688,16.9844599991956,86.692,0.539108158161909,0.917666666666667,161735073,1.660070335542481,102575324939.9252,147063256170.7117,4690.299432737685,6724.5286076161165,11446.452180014017,7327.855366090935,1087592125243.381
36,Brazil,1996,6640.7270065575,8.035,15.7576656002606,839052100885.484,15.6355914758682,85.798,0.627126072171835,1.0051,164202549,1.157576656002606,118738801632.33932,147063256170.7117,5109.860388863293,6328.788037551714,10143.199491792571,6296.674995076822,1039203127846.6992
37,Brazil,1997,6764.85842091319,9.003,6.92671251629155,868630505513.956,16.5762092613247,86.3,0.664143975886248,1.07799166666667,166661659,1.0692671251629156,126963497066.70117,147063256170.7117,5211.93963102189,6037.048685738221,9798.911698028292,5600.273983940694,1006144549428.9016
38,Brazil,1998,6687.49523550242,10.15,3.1950762928005,845870636449.1,16.4385849312059,85.755,0.689104221270304,1.16051666666667,169159655,1.031950762928005,131020077661.98979,147063256170.7117,5000.427770138807,5612.721372522929,9452.353500551373,4836.398764219598,949446010987.1052
39,Brazil,1999,6621.63676249539,11.125,4.85844749902667,581160921599.64,20.9821664782285,84.846,0.733919243577348,1.81393284657213,171641543,1.0485844749902666,137385619348.38153,147063256170.7117,3385.898958037449,3624.4064567728224,8957.974571183802,1998.0929633762491,622098716699.65
40,Brazil,2000,6817.784240857,10.889,7.04414105947266,636572531229.792,22.6397613567941,,0.757895423882468,1.82942312207561,174018282,1.0704414105947266,147063256170.7117,147063256170.7117,3658.078472638823,3658.078472638823,8829.942930556994,1999.5803204282636,636572531229.792
41,Brazil,2001,6823.03396999891,10.649,6.84035902487524,541801958562.022,26.936285022064,84.232,0.802170641864601,2.34963170932244,176301203,1.0684035902487523,157122910886.46036,147063256170.7117,3073.1608709557245,2876.4044776751566,8425.253701472871,1224.1937603509025,507113569728.71674
42,Brazil,2002,6944.62337495755,10.641,8.45016437708332,492692612459.479,27.6183574022309,84.841,0.867290572547038,2.92036301775519,178503484,1.0845016437708332,170400055130.4244,147063256170.7117,2760.128830087591,2382.12090302818,8021.138484873585,815.693421860703,425216880499.7562
43,Brazil,2003,6941.4404574508,11.168,14.7149197228147,540518533798.0,28.1403847231593,84.231,0.970343048296344,3.07747511847802,180622688,1.147149197228147,195474286450.49832,147063256170.7117,2992.528456879127,2251.4008724293653,7140.39244037029,731.5740292785231,406654077343.73706
44,Brazil,2004,7258.78185165912,10.072,6.59718509985963,649516138898.964,29.6782524787535,83.89,1.01818475111385,2.92511944951586,182675143,1.0659718509985963,208370086950.26752,147063256170.7117,3555.5802953386165,2509.454324572601,7209.353356008193,857.8980680559707,458414927593.26825
45,Brazil,2005,7409.56913232718,10.551,6.86953720898965,865859665830.044,27.0867952043315,84.536,1.06059390836081,2.43439003623188,184688101,1.0686953720898964,222684147605.7202,147063256170.7117,4688.226589270328,3096.160527353558,7106.643060031414,1271.8424251136078,571824008188.0873
46,Brazil,2006,7622.04007133264,9.692,4.18356812896909,1079909521235.2,26.04169989179,84.296,1.0985635406489,2.17532666666667,186653106,1.041835681289691,232000290633.21964,147063256170.7117,5785.649884846813,3667.480367403657,7262.18151931132,1685.944655394432,684546601769.9137
47,Brazil,2007,8003.25413096047,9.28,3.64127299102653,1367438603164.36,25.2926113755394,84.361,1.13845673008041,1.94705833333333,188552320,1.0364127299102652,240448054555.1501,147063256170.7117,7252.303250176716,4435.6662925871005,7586.147800503115,2278.137340134703,836355170213.0966
48,Brazil,2008,8330.76459841304,8.268,5.67859390284167,1654272075569.03,27.257569417356,83.957,1.21498747293417,1.83376666666667,190367302,1.0567859390284167,254102123120.62024,147063256170.7117,8689.896101847522,5029.333878946898,7590.715977077324,2742.624768116748,957420721392.3156
49,Brazil,2009,8246.09706995094,9.419,4.88803479876799,1630110011713.35,22.1059756060333,84.326,1.29585280194432,1.99942817314426,192079951,1.0488803479876798,266522723323.16443,147063256170.7117,8486.622384203702,4682.791418872504,7225.284444192739,2342.065337365154,899470346280.2511
50,Brazil,2010,8792.63436120342,8.422,5.03872690108075,2140606260590.59,22.772178113177,,1.3881370234175,1.75922671058718,193701929,1.0503872690108076,279952075480.74176,147063256170.7117,11051.03223102435,5805.282140348787,7357.204102699498,3299.905637751003,1124494348974.8088
51,Brazil,2011,9067.99316348047,7.578,6.63644962213086,2548928943544.14,23.9344051758721,82.963,1.4732164144516,1.67282875525659,195284734,1.0663644962213086,298530953936.1309,147063256170.7117,13052.371741173276,6429.900362754998,7301.114836040753,3843.7289785640587,1255661381987.1133
52,Brazil,2012,9167.49923929815,7.251,5.40349914037005,2403719408991.69,25.1142736107398,81.678,1.60913586532018,1.95306861112487,196876111,1.0540349914037006,314662071465.8083,147063256170.7117,12209.299527415442,5706.246500256555,6925.8856055481,2921.6825603326047,1123423619377.8708
53,Brazil,2013,9366.73932434359,7.071,6.20431066640096,2438459283591.73,25.7859573274674,81.478,1.70855542893458,2.15608915126311,198478299,1.0620431066640097,334184683928.8797,147063256170.7117,12285.77278159629,5406.548644280681,6822.723266858788,2507.571934636071,1073082578377.5856
54,Brazil,2014,9338.34278278114,6.755,6.32904015516141,2410276964680.96,24.6854058131291,82.883,1.82485052496386,2.35295196276669,200085127,1.063290401551614,355335366767.1377,147063256170.7117,12046.257514587578,4985.605206945565,6428.411202333802,2118.8724996677374,997545451003.5647
55,Brazil,2015,8936.19661712113,8.538,9.02990102416137,1768300112176.37,26.95362593736,82.968,2.00586931129873,3.32690438276879,201675532,1.0902990102416137,387421798690.051,147063256170.7117,8768.04486216191,3328.3032396223366,5520.273216560539,1000.4204680064723,671237326508.1583
56,Brazil,2016,8577.84376650911,11.58,8.73914352329392,1757597118447.99,24.5336820777006,83.196,2.15597159643949,3.49131342157271,203218114,1.0873914352329392,421279145718.10144,147063256170.7117,8648.821130423394,3019.194779532777,4889.1902256657995,864.7733431428047,613555068895.2968
57,Brazil,2017,8628.25308908043,12.792,3.44637335032668,2024937440970.06,24.3197343743057,83.177,2.2096791267395,3.19138944630048,204703445,1.0344637335032667,435797997926.61395,147063256170.7117,9892.053555669569,3338.146602400883,4821.209427282564,1045.9853485667586,683330109426.506
58,Brazil,2018,8722.33630317935,12.329,3.66485028376727,1863630987964.67,28.8762033763866,82.896,2.19759154319763,3.65382536145755,206107261,1.0366485028376726,451769342090.27954,147063256170.7117,9042.044316743746,2943.432313285397,4893.897443911244,805.5755330657704,606662772030.1471
59,Brazil,2019,8771.44051292177,11.936,3.73297621216898,1822994395902.52,28.8902578698964,83.147,2.21644520759583,3.9444710972507,207455459,1.0373297621216897,468633784164.38196,147063256170.7117,8787.401424334272,2757.598599183469,4907.528476238194,699.1047801327579,572078883131.3636
60,Brazil,2020,8435.01143254978,13.697,3.21176803803373,1445311140602.49,32.3020785437939,79.4,2.26491117477417,5.15517878751281,208660842,1.0321176803803374,483685214259.60156,147063256170.7117,6926.604564370013,2106.0164574235732,4793.517506727566,408.5244264514929,439443167271.8599
61,Brazil,2021,8799.22945810901,13.158,8.30165975585677,1618525125551.47,37.6563307598082,80.528,2.37927412986755,5.39440078962503,209550294,1.0830165975585677,523839115036.8205,147063256170.7117,7723.80269507744,2168.3901445167294,4916.274825569317,401.97053001459614,454386792290.18317
62,Brazil,2022,9032.08481566299,9.231,9.28010608956872,1895345889306.1,38.8160659763397,81.872,2.41127335896767,5.16397029102111,210306415,1.0928010608956873,572451940650.8954,147063256170.7117,9012.306587538475,2315.267113716422,4958.363823224285,448.35020018262094,486915526453.098
63,Brazil,2023,9288.02701470069,7.947,4.59356282283203,2121605970130.43,33.6662298301438,81.665,2.44760850113585,4.99437976287199,211140729,1.0459356282283203,598747880175.2155,147063256170.7117,10048.302760811392,2468.0440163924018,5036.078720770616,494.1642673510208,521104612825.1797
64,Brazil,2024,9564.57607719223,7.634,4.36746407652335,2112480929979.67,35.5312202442457,81.882,2.48058601193917,5.3889349057096,211998573,1.0436746407652335,624897978750.8131,147063256170.7117,9964.599761620424,2345.0651741764664,5094.523436179653,435.1630174066233,497150470517.4073
65,China,1960,241.38865640518,,,59846235024.7318,6.30557627967827,,,2.46180889882528,667070000,,,1.5861913600196058,89.71507491677305,,,,
66,China,1961,177.353933927811,,,50162299349.7871,5.80854553672362,,,2.46180889882528,660330000,,,1.5861913600196058,75.96550111275741,,,,
67,China,1962,166.089290187301,,,47310737754.2287,5.56552301863999,,,2.46180889882528,665770000,,,1.5861913600196058,71.06168459712619,,,,
68,China,1963,178.749038517739,,,50812227918.5753,5.66206229848909,,,2.46180889882528,682335000,,,1.5861913600196058,74.46815408644625,,,,
69,China,1964,206.39971909742,,,59821862703.4023,5.71690657135873,,,2.46180889882528,698355000,,,1.5861913600196058,85.66110746454497,,,,
70,China,1965,235.704122134957,,,70565994356.1828,5.89947047155192,,,2.46180889882528,715185000,,,1.5861913600196058,98.6681688740435,,,,
71,China,1966,253.637443822626,,,76854053259.209,5.92798922996829,,,2.46180889882528,735400000,,,1.5861913600196058,104.50646350177999,,,,
72,China,1967,232.936829969655,,,73011350596.2485,5.58233749508179,,,2.46180889882528,754550000,,,1.5861913600196058,96.76144801040157,,,,
73,China,1968,217.629498896299,,,70980323818.7853,5.57889818889779,,,2.46180889882528,774510000,,,1.5861913600196058,91.64545818489793,,,,
74,China,1969,247.617408237114,,,79847786729.1898,4.94137678904207,,,2.46180889882528,796025000,,,1.5861913600196058,100.30813947952615,,,,
75,China,1970,287.360990977917,,,92752930873.1912,4.82548633004292,,,2.46180889882528,818315000,,,1.5861913600196058,113.3462430398944,,,,
76,China,1971,299.312840926518,,,99959013879.6308,4.94556999727203,,,2.46180889882528,841105000,,,1.5861913600196058,118.84249157909036,,,,
77,China,1972,303.174293759294,,,113871930713.841,5.66747218523763,,,2.24506644860066,862030000,,,1.5861913600196058,132.09741043100703,,,,
78,China,1973,319.325276730838,,,138764340892.0,8.08353927809897,,,1.98941552463247,881940000,,,1.5861913600196058,157.33988807855408,,,,
79,China,1974,320.021423931396,,,144418433058.472,10.3375065660458,,,1.96110708887637,900350000,,,1.5861913600196058,160.40254685230408,,,,
80,China,1975,341.835493900954,,,163687619735.857,9.97608739521729,,,1.85982338938658,916395000,,,1.5861913600196058,178.62124928208578,,,,
81,China,1976,331.302441675199,,,154196810058.643,9.59190335673938,,,1.94141535102099,930685000,,,1.5861913600196058,165.68098772263764,,,,
82,China,1977,351.558278512051,,,175226595859.778,9.32019932240708,,,1.85782338223958,943455000,,,1.5861913600196058,185.72862071829394,,,,
83,China,1978,386.173258026462,,,149788617886.179,15.3969242292662,,,1.68358941885647,956165000,,,1.5861913600196058,156.65561685083534,,,,
84,China,1979,409.983402451709,,,178573913043.478,16.5186070559018,,,1.55493895401486,969005000,,,1.5861913600196058,184.28585305904303,,,,
85,China,1980,436.591787138212,,,191425000000.0,21.5410562047131,,,1.49838605814132,981235000,,,1.5861913600196058,195.08578475084968,,,,
86,China,1981,453.072706510383,,,196130952380.952,23.7438255910369,,,1.70454166583333,993885000,,,1.5861913600196058,197.33767224674082,,,,
87,China,1982,486.894420983869,,,205751908396.947,19.6554747616457,,,1.89254166583333,1008630000,,,1.5861913600196058,203.99146207920347,,,,
88,China,1983,531.391311022454,,,232007662835.249,17.886713506127,,,1.97567499916667,1023310000,,,1.5861913600196058,226.7227554067184,,,,
89,China,1984,604.354027423819,,,261717857142.857,18.9963398130909,,,2.32004166625,1036825000,,,1.5861913600196058,252.4224021824869,,,,
90,China,1985,676.279975098168,,,310904761904.762,20.6743372843961,,,2.93665833325,1051040000,,,1.5861913600196058,295.8067836664276,,,,
91,China,1986,725.829362656239,,,301286956521.739,19.8450541369327,,,3.45279166658333,1066790000,,,1.5861913600196058,282.42386647956863,,,,
92,China,1987,797.34114295479,,,273275784753.363,24.8138336744697,,,3.7221,1084035000,,,1.5861913600196058,252.09129295028575,,,,
93,China,1988,872.659353617186,,,312765432098.765,30.0133389183239,,,3.7221,1101630000,,,1.5861913600196058,283.9115057676035,,,,
94,China,1989,895.53052635227,,,348556680161.943,25.061554891412,,,3.76510833333333,1118650000,,,1.5861913600196058,311.58689506274794,,,,
95,China,1990,917.270661782581,,,362523900573.614,24.2259824799678,,1.68128034828703,4.78320833333333,1135185000,,,1.5861913600196058,319.3522646736999,,,,
96,China,1991,989.548540519036,2.37,,385289198606.272,25.8729814947102,,1.73567512532254,5.32339166666667,1150780000,,,1.5861913600196058,334.806999258131,,,,
97,China,1992,1117.27329480169,2.37,,428715855572.998,30.0340940533808,,1.83615963089447,5.51459166666667,1164970000,,,1.5861913600196058,368.0059190992025,,,,
98,China,1993,1258.34946089635,2.69,,445635994165.534,35.9086416582146,,2.06600358000627,5.76195833333334,1178440000,,,1.5861913600196058,378.15755928645837,,,,
99,China,1994,1406.85845705008,2.9,24.2569897243361,565894585788.206,35.605463524878,,2.44033196060424,8.61874266666666,1191835000,1.242569897243361,1.242569897243361,1.5861913600196058,474.809504493664,606.1137770630665,2140.667235261902,70.3250811057669,722387613485.96
100,China,1995,1545.19429404212,3.0,16.7912251650916,726418043788.258,34.1049521589323,,2.71607494703245,8.35141666666667,1204855000,1.167912251650916,1.451212606523141,1.5861913600196058,602.9091000894365,658.986285772601,2026.2581693922284,78.90712582966172,793982921344.5472
101,China,1996,1681.62743528935,3.12,8.31316028893908,856086142040.551,33.6287512313005,,2.84077040835448,8.314175,1217550000,1.0831316028893907,1.5718542366367003,1.5861913600196058,703.1219597064195,709.5352428560778,2076.6198353882637,85.34042678390553,863894634939.4175
102,China,1997,1819.09789302268,3.23,2.78646505531882,956749708708.89,34.3135763220021,,2.83888952406891,8.28981666666667,1230075000,1.027864650553188,1.6156534056611302,1.5861913600196058,777.7978649341626,763.614429231755,2229.8238690456706,92.11475475715241,939303019037.251
103,China,1998,1944.43719705771,3.24,-0.773186011549315,1020490742917.16,32.1717399357488,,2.78413692330847,8.27895833333333,1241935000,0.9922681398845068,1.6031613995334382,1.5861913600196058,821.6941650868685,812.996237071718,2417.539854281011,98.20030544161273,1009688481687.6642
104,China,1999,2076.81812919622,3.25,-1.40147268276465,1089372753903.3,33.2255380760054,,2.71180464022486,8.27825,1252735000,0.9859852731723535,1.5806935304583496,1.5861913600196058,869.5955281071416,872.6200789822105,2663.8228512786586,105.4111773602163,1093161714643.7795
105,China,2000,2237.44298500334,3.26,0.347811226864583,1209090434696.9,39.0109424774998,73.352,2.70741837976256,8.27850416666666,1262645000,1.0034781122686458,1.5861913600196058,1.5861913600196058,957.5854137124053,957.5854137124053,2928.0198792373544,115.6713090232069,1209090434696.9
106,China,2001,2405.89396743215,3.8,0.719125609120118,1335863134143.64,38.0826469518334,,2.70636877228229,8.27706833333333,1271850000,1.007191256091201,1.5975980682991573,1.5861913600196058,1050.3307262205763,1042.8314581450943,3189.361083241267,125.99043721137512,1326325190041.8381
107,China,2002,2610.72960252379,4.24,-0.731970902350249,1474876576017.01,42.1944423387413,,2.68208306874227,8.2769575,1280400000,0.9926802909764975,1.5859041153026978,1.5861913600196058,1151.8873602132223,1152.0959942381307,3555.389350673979,139.19317505715486,1475143711022.5027
108,China,2003,2857.0373538115,4.58,1.12760348729637,1673684677258.3,51.0774801301803,,2.69966211013512,8.27703666666667,1288400000,1.0112760348729637,1.6037868254120278,1.5861913600196058,1299.0411962576063,1284.789155992711,3939.1029392767746,155.22332541630766,1655322348581.0088
109,China,2004,3127.86276523632,4.49,3.8246374310816,1979064133594.61,58.6403340408439,,2.81273672614035,8.27680083333333,1296075000,1.038246374310816,1.6651258566514913,1.5861913600196058,1526.9672924750575,1454.5821366483058,4280.2749823240065,175.74207304714128,1885247542756.453
110,China,2005,3465.81734409951,4.52,1.7764140766757,2301443793302.11,61.3600749408237,,2.82946179673728,8.19431666666667,1303720000,1.017764140766757,1.6947053867634152,1.5861913600196058,1765.2899344200518,1652.2562940891635,4785.048274506484,201.63442069676296,2154079575729.924
111,China,2006,3883.35412942474,4.43,1.6494309945586,2786356399836.56,63.5695798621627,,2.85514286924845,7.97343833333333,1311020000,1.016494309945586,1.7226583826791453,1.5861913600196058,2125.334777376821,1956.9681922548705,5465.143397656434,245.43592242679975,2565624439409.9805
112,China,2007,4409.75700836878,4.35,4.81676767378834,3612096538009.96,61.2664640006176,,2.99981637296161,7.6075325,1317885000,1.0481676767378834,1.8056348347858393,1.5861913600196058,2740.828325696066,2407.728365537289,6105.997672755289,316.4926821590692,3173109097016.1104
113,China,2008,4811.47471804961,4.59,5.92525137041092,4695911654845.43,56.7111330003209,,3.17433923810086,6.948655,1324655000,1.059252513704109,1.912623237578604,1.5861913600196058,3545.007307446414,2939.972625971389,6435.624536318106,423.0995244362239,3894449438856.13
114,China,2009,5237.76666540352,4.72,-0.728165250932903,5181045920787.14,44.4197644331119,,3.15229458428515,6.83141605176666,1331260000,0.992718347490671,1.898696179781289,1.5861913600196058,3891.836245952811,3251.2821659822257,7045.93450378637,475.93092579120804,4328301896285.498
115,China,2010,5764.86534987407,4.53,3.17532475269199,6166492055190.13,49.8540722339456,,3.33022814970832,6.77026902870939,1337705000,1.03175324752692,1.9589859495563016,1.5861913600196058,4609.754807816469,3732.5194954172257,7588.117090743632,551.3103658937985,4993009991617.101
116,China,2011,6275.90956436258,4.55,5.55389892257491,7601379935590.42,49.9458272253443,,3.5244677066803,6.46146132655007,1345035000,1.0555389892257492,2.067786049102103,1.5861913600196058,5651.436531830339,4335.196962171695,7947.7838485954,670.9313486654204,5830991646014.605
117,China,2012,6723.19443752823,4.58,2.61952432645539,8653847951304.22,47.48021307841,,3.54027676875805,6.31233282683186,1354190000,1.0261952432645538,2.1219522076773836,1.5861913600196058,6390.423759815255,4776.938386269292,8517.307249393085,756.762755912353,6468882193302.012
118,China,2013,7198.06876478162,4.6,2.62105001748119,9665296804684.75,45.9160413795144,,3.62119296067598,6.19575834608231,1363240000,1.0262105001748119,2.177569636387654,1.5861913600196058,7089.945134154477,5164.4776483312635,8836.274631117923,833.5505292256687,7040422509311.111
119,China,2014,7686.57792954381,4.63,1.92164162788522,10687833547166.0,44.0684564812401,,3.69370698094559,6.14343409448867,1371860000,1.0192164162788522,2.219414720996668,1.5861913600196058,7790.761117873544,5567.971527015141,9260.741659439942,906.328844971287,7638477419050.991
120,China,2015,8175.33285077393,4.65,1.43702380935656,11228032678981.8,38.6971848362233,,3.78151493601969,6.22748867298455,1379860000,1.0143702380935655,2.2513082389657546,1.5861913600196058,8137.081065457221,5733.096631733023,9441.399793285751,920.6113303110052,7910870718263.13
121,China,2016,8679.37704460133,4.56,2.00000182191942,11400323697361.9,36.1771706929069,,3.87428963630967,6.6444778294468,1387790000,1.0200000182191942,2.2963344447620915,1.5861913600196058,8214.732558500855,5674.320584654984,9731.563941054837,853.9904459471138,7874765364178.339
122,China,2017,9221.51403820573,4.47,1.59313600071433,12521428872625.2,36.9508526159275,,4.04005241394043,6.75875508633597,1396215000,1.0159313600071433,2.3329181754984,1.5861913600196058,8968.123729243132,6097.5822145469065,10200.873796764638,902.1753468881062,8513535751683.608
123,China,2018,9798.6528523316,4.31,2.07479039965575,14086737564950.9,36.8943843914148,,4.0940899848938,6.61595717735439,1402760000,1.0207479039965575,2.3813213378354647,1.5861913600196058,10042.15800632389,6689.052843267829,10809.358692996226,1011.0483886086259,9383135766422.38
124,China,2019,10356.4804194995,4.56,2.89923416358229,14520157750328.0,35.1994202739021,,4.05960941314697,6.90838500992901,1407745000,1.0289923416358229,2.4503614196066654,1.5861913600196058,10314.480072973443,6676.867764866748,11362.26875194058,966.4875010976493,9399327211652.34
125,China,2020,10573.6420059282,5.0,2.41942189457778,14878808399124.3,34.0389507864018,,4.01465654373169,6.90076726944925,1411100000,1.0241942189457778,2.509646000288916,1.5861913600196058,10544.120472768975,6664.283644381148,11455.194223096392,965.7308215399394,9403970650586.238
126,China,2021,11469.5707134928,4.55,0.981015135544894,18077551859016.4,36.5206911762564,,3.98740887641907,6.44897518024316,1412360000,1.009810151355449,2.5342660074003476,1.5861913600196058,12799.535429363901,8011.200265100897,12956.793064068834,1242.243928871631,11314698806417.902
127,China,2022,11830.5983703496,4.98,1.97357555739052,18163546112470.6,37.4407198763585,,3.79404087493626,6.73715811237119,1412175000,1.0197357555739053,2.5842816618816578,1.5861913600196058,12862.107113120259,7894.558660306095,14018.533715128984,1171.7935854599602,11148498376117.76
128,China,2023,12484.1578844175,4.67,0.23483682889306,18120845036941.0,36.1051923690574,,3.64373827497296,7.08399842343631,1410710000,1.0023483682889307,2.590350506986086,1.5861913600196058,12845.194998930327,7865.706694951062,15292.166896004423,1110.348453625934,11096231091634.412
129,China,2024,13121.6769905565,4.571,0.218128938439166,18613041683553.3,37.1984201388623,,3.5325492491585,7.19749110789917,1408975000,1.0021812893843915,2.5960008110488277,1.5861913600196058,13210.342045496407,8071.696405597157,16445.90322945574,1121.459725978481,11372818443076.254
130,India,1960,312.777847830375,,1.77987784677381,36878683724.9837,11.2968331123897,,,4.7619000037619,435990338,1.017798778467738,1.017798778467738,21.881609760202146,84.58601145648257,1818.5108225902711,,381.8876543299204,792853148197.7903
131,India,1961,316.739644666886,,1.69521293914433,39026635578.2356,10.2611625948092,,,4.7619000037619,446564729,1.0169521293914432,1.035052635054776,21.881609760202146,87.39300944261454,1847.5386310105396,,387.98350018920695,825045588074.2527
132,India,1962,318.381945824671,,3.63221497106988,41934681631.2816,10.2007901792472,,,4.7619000037619,457283090,1.0363221497106987,1.0726479718236888,21.881609760202146,91.70398501130143,1870.7263390999583,,392.8529237535616,855451520888.0168
133,India,1963,329.641494853773,,2.94616135685229,48186723223.9232,10.1873378430933,,,4.7619000037619,468138575,1.0294616135685228,1.104249911864618,21.881609760202146,102.93260542334757,2039.6932608048023,,428.33601276663626,954859096550.2635
134,India,1964,346.011883334459,,13.3552611508153,56175789636.4896,9.41054892008962,,,4.7619000037619,479229598,1.133552611508153,1.2517253713517855,21.881609760202146,117.22103532613944,2049.1595116614353,,430.3239274328734,982017889011.3859
135,India,1965,329.392574458486,,9.47475859170699,59211704884.6049,8.51903436951768,,,4.7619000037619,490140146,1.0947475859170699,1.370323328518515,21.881609760202146,120.80566215158572,1929.05010154186,,405.10092610468735,945504898411.042
136,India,1966,322.241317768205,,10.8018483489342,45254695256.0107,10.8142375112067,,,6.35912500535913,500740247,1.108018483489342,1.5183435763551525,21.881609760202146,90.37558999328986,1302.4478931365604,,204.81558265310514,652188079713.8309
137,India,1967,340.080025744959,,13.062202477797,49790942204.0,9.98106266810607,,,7.5000000065,511606372,1.13062202477797,1.7166726886072867,21.881609760202146,97.32275618334167,1240.5268550750236,,165.40358053332005,634661443693.5027
138,India,1968,344.128288078914,,3.23741242627504,52745455870.6667,8.98174447557988,,,7.5000000065,522716889,1.0323741242627504,1.7722484635467288,21.881609760202146,100.90635481775432,1245.871289417188,,166.1161717783244,651237964498.5713
139,India,1969,358.966799420621,,-0.584136610466359,58086661684.0,7.744776643449,,,7.5000000065,533880544,0.9941586338953364,1.761896111442725,21.881609760202146,108.80085880035367,1351.2362723218296,,180.16483615343444,721398756139.7104
140,India,1970,369.192480654411,,5.09226161997552,62043816388.0,7.66176933794548,,,7.5000000065,545864268,1.0509226161997551,1.851616470909564,21.881609760202146,113.66161887702091,1343.2042909826068,,179.09390530913288,733207227071.6796
141,India,1971,367.03330975615,,3.07993868406538,66960356998.0141,7.66960655842499,,,7.49193523096824,558096387,1.0307993868406538,1.9086451228776338,21.881609760202146,119.97991486372783,1375.506449387598,,183.59828361861463,767665179698.4167
142,India,1972,357.07792916052,,6.44209746158243,71074037112.0029,7.73639959724787,,,7.59446837394936,570482142,1.0644209746158242,2.0316019018891502,21.881609760202146,124.58591054722778,1341.8673578120308,,176.69009754717274,765511364564.4878
143,India,1973,360.637844062503,,16.9408159791736,85104333308.8721,8.93209601877255,,,7.74203856214968,583465598,1.169408159791736,2.375771841517582,21.881609760202146,145.86007058615323,1343.417363732621,,173.52243248961594,783837815493.8373
144,India,1974,356.615069643548,,28.598734077509,99161732540.1252,10.8518902537234,,,8.1016032272183,597041391,1.28598734077509,3.0552125127615337,21.881609760202146,166.08853931221864,1189.5357811254241,,146.82720787029376,710202097407.3948
145,India,1975,380.159941374693,,5.74843029767436,98179147059.2348,12.2939782139853,,,8.37589194565386,611309535,1.0574843029767436,3.2308392745034555,21.881609760202146,160.6046387927432,1087.732237092214,,129.86464535954573,664941088061.3512
146,India,1976,377.496025412265,,-7.63394763392881,102455777820.366,12.8012030726837,,,8.96041272812392,625861883,0.9236605236607119,2.9841986961514566,21.881609760202146,163.70349529716606,1200.3543882963593,,133.96195294987072,751256057726.4727
147,India,1977,395.443306821969,,8.30747009171166,121214526178.423,12.6481011375529,,,8.73857617131458,640801103,1.0830747009171167,3.2321101103114884,21.881609760202146,189.16091999676692,1280.6325564357614,,146.54933839675058,820630754701.7457
148,India,1978,408.516944405283,,2.5230487569518,137112216857.771,12.9030118424849,,,8.19284034840393,655728229,1.025230487569518,3.3136578242730157,21.881609760202146,209.0991523529041,1380.778069316528,,168.5347218544935,905415158034.9663
149,India,1979,378.219592785732,,6.27568336762335,153184888029.024,14.9188045313762,,,8.12579094635689,671155747,1.0627568336762334,3.521612497210867,21.881609760202146,228.24044748740562,1418.1765902321176,,174.52782130309933,951817368795.1498
150,India,1980,394.182239918298,,11.3460734795095,186765694126.304,15.3845768485061,,,7.86294470113798,687354025,1.1134607347950949,3.921177238808001,21.881609760202146,271.71688436145257,1516.2800523300707,,192.83870228804025,1042221196996.2848
151,India,1981,408.153549798956,,13.112546897642,193536164464.102,14.5072647616204,,,8.65852281709317,703696250,1.13112546897642,4.4353434431863645,21.881609760202146,275.0279889428173,1356.8408409105132,,156.7058110919237,954803811595.5748
152,India,1982,412.596737107488,,7.89074279377488,200057147722.277,14.1259277495475,,,9.45513193348639,720313473,1.0789074279377489,4.785324986308759,21.881609760202146,277.7362290463183,1269.9901882629492,,134.31755338760945,914791043183.6089
153,India,1983,432.429235395483,,11.8680812986733,217346717498.831,13.6905938868802,,,10.0988982440461,737372681,1.118680812986733,5.353251246089609,21.881609760202146,294.758299431534,1204.8353019957765,,119.30363816727218,888412636796.0703
154,India,1984,438.541705524351,,8.3189071186008,210959681010.072,14.0093759441289,,,11.3625833326667,754875449,1.083189071186008,5.798583245077143,21.881609760202146,279.4628985344998,1054.5848580131126,,92.81206809557547,796080218201.2496
155,India,1985,450.966703866791,,5.55642423236556,231343824754.848,12.9000361941487,,,12.3687499995833,772647793,1.0555642423236555,6.120777129640499,21.881609760202146,299.4169230155919,1070.4072581405171,,86.54126392534239,827047805613.4518
156,India,1986,461.725611478711,,8.7297207270258,247574348946.154,12.2192718993726,,,12.61083333325,790689978,1.087297207270258,6.65510387938178,21.881609760202146,313.1117831699063,1029.494050704641,,81.63568762662611,814010628302.7836
157,India,1987,469.209956302852,,8.80112581251832,277014075282.415,12.5848140356758,,,12.9615,808931270,1.0880112581251833,7.240827944759959,21.881609760202146,342.4445135894116,1034.8591719139592,,79.84100388951582,837129944207.5073
158,India,1988,502.937342176693,,9.38347186185334,293483983654.525,13.4904501163017,,,13.9170833333333,827342990,1.0938347186185333,7.920268997521722,21.881609760202146,354.7307310291286,980.0272476552756,,70.41901123836612,810818673356.5862
159,India,1989,521.073383845828,,7.07428002942302,292602575946.815,15.1681320906695,,,16.2255,846039529,1.0707428002942303,8.480571005489985,21.881609760202146,345.849769327758,892.363224503028,,54.99757939681538,754974562155.463
160,India,1990,537.870269533789,,8.97123250273253,316775332518.038,15.5062615101965,,5.49548841115892,17.5035,864972221,1.0897123250273253,9.241382747951812,21.881609760202146,366.2260183937607,867.1445645188712,2761.9137280384552,49.541209730560816,750055959899.9658
161,India,1991,531.898397841583,7.722,13.8702461773683,265995400854.861,16.9877265511351,,6.04672905903739,22.7424333333333,883927600,1.138702461773683,10.523185285285571,21.881609760202146,300.9244205689029,625.7336119901827,2353.4550359658474,27.513925305127874,553103209885.8134
162,India,1992,549.235069966802,7.733,11.7878170418135,283798978165.926,18.433099041828,,6.4420232058378,25.9180833333333,902957070,1.117878170418135,11.763639113686075,21.881609760202146,314.29952496626004,584.6302735628229,2352.1331211069537,22.55684828402912,527896038849.5851
163,India,1993,563.372872328964,7.75,6.32689048779865,275444141432.969,19.6515397864684,,6.91345031625671,30.4932916666667,922118387,1.0632689048779864,12.50791167778884,21.881609760202146,298.7080024822984,522.5662053701537,2304.893068808981,17.137087431639575,481867906396.6369
164,India,1994,588.727892188017,7.645,10.2479355556119,323107987156.158,20.0781443769255,72.268,7.44446172371414,31.3737425,941163767,1.102479355556119,13.789714405881496,21.881609760202146,343.30687015935456,544.7616056224754,2295.8288957605205,17.363615629294955,512709884864.6173
165,India,1995,620.699954330379,7.608,10.2248861637544,356252288641.836,22.8674487062499,,7.95239418843948,32.4270766666667,960301044,1.102248861637544,15.199697006189721,21.881609760202146,370.97979937407626,534.0655932493854,2177.7323315414087,16.46974220770188,512863746761.8642
166,India,1996,654.355928429641,7.558,8.97715233826453,389211880588.551,21.9294878713867,,8.40098720670576,35.4331733333333,979678458,1.0897715233826453,16.564196961390007,21.881609760202146,397.2853311311159,524.8212514936349,2213.559182466946,14.81157915370555,514156074388.9144
167,India,1997,667.598423095039,7.61,7.16425211462724,412313850436.229,22.6193868670479,,8.79341997553651,36.3132858333333,999133762,1.0716425211462723,17.75089779246741,21.881609760202146,412.67132201687025,508.7017531829693,2100.7335278699534,14.008695206425335,508261096393.69556
168,India,1998,695.293709344799,7.639,13.2308389767977,417792779082.3,23.6994700790647,,9.39223158492706,41.259365,1018665080,1.132308389767977,20.099490496324712,21.881609760202146,410.1375292871529,446.5023312663564,1961.4510664999304,10.821842053709657,454836332999.62946
169,India,1999,742.53920839445,7.617,4.66982038037593,455260118903.94,24.8155980442929,,9.54534638112867,43.0554283333334,1038225823,1.0466982038037593,21.038100599873808,21.881609760202146,438.498165638421,456.07946855820074,2057.2010788036478,10.592844763434979,473513481597.2406
170,India,2000,756.704109527449,7.624,4.00943591045191,463419538385.564,26.9009229104474,69.206,9.67413340528821,44.941605,1057922733,1.040094359104519,21.881609760202146,21.881609760202146,438.04667763535434,438.04667763535434,2034.9647801103415,9.747018995769162,463419538385.564
171,India,2001,778.507377528365,7.653,3.77929312235638,481232454354.65,25.9932547534365,,9.7653314056295,47.1864141666667,1077898575,1.0377929312235639,22.70857993293033,21.881609760202146,446.454300539965,430.19593515017755,2078.7214202592863,9.116944839900027,463707585469.1688
172,India,2002,793.615912906381,7.753,4.29715203929563,511491219784.627,29.5086629350614,,9.97319728767528,48.6103191666667,1097600380,1.0429715203929564,23.684402138613326,21.881609760202146,466.00860304424003,430.5372935754428,2098.4800210177664,8.856911473864029,472557897032.5776
173,India,2003,841.278894571674,7.68,3.8058589952885,603194284371.778,30.592436132908,,10.1583819919163,46.5832841666667,1116803006,1.038058589952885,24.58579708788604,21.881609760202146,540.1080415535504,480.7016567888716,2204.353202646132,10.319187781372534,536849055290.99207
174,India,2004,892.596614581612,7.625,3.76725173477515,704172929910.938,37.503814059447,,10.4587464833167,45.3164666666666,1135991513,1.0376725173477515,25.512005955187725,21.881609760202146,619.8751679502539,531.6660143836742,2303.643678240948,11.732291890593302,603968080090.3898
175,India,2005,947.732565646672,7.552,4.24634362031923,814484973025.502,42.0016696148691,68.912,10.7108919433867,44.099975,1154676322,1.0424634362031924,26.5953333924813,21.881609760202146,705.3794708587624,580.3588955404057,2389.5127426957256,13.16007311887151,670126674942.5779
176,India,2006,1008.23275343783,7.552,5.79652337561633,932915277251.682,45.7244804992652,,11.2633636134066,45.3070083333333,1172878890,1.0579652337561634,28.136938109399576,21.881609760202146,795.4063162068524,618.5737248440676,2488.2198487255278,13.652936876632618,725512063778.2754
177,India,2007,1069.24696813025,7.561,6.37288135593232,1211641639990.71,45.686268679348,,11.7278022153113,41.3485333333333,1190676021,1.0637288135593232,29.930071792303718,21.881609760202146,1017.6081642872944,743.9642943140553,2622.983561412147,17.992519548796313,885820445719.9324
178,India,2008,1086.50605251513,7.656,8.34926704907581,1191736971828.07,53.3682204392226,,12.5639813417245,43.5051833333333,1207930964,1.0834926704907581,32.42901341422327,21.881609760202146,986.593611179314,665.7080841770479,2305.1412972433886,15.301810799794701,804129407862.5747
179,India,2009,1155.10163274172,7.664,10.8823529411764,1333878515185.91,46.2728696428837,,13.3660920635133,48.4052666666666,1225524753,1.108823529411764,35.95805310930049,21.881609760202146,1088.4141768011355,662.3343650403052,2398.6421318907273,13.683105386059358,811707159119.4319
180,India,2010,1235.15939133951,7.652,11.9893899204244,1657660502177.3,49.2552064974161,63.087,14.595632263009,45.7258121212121,1243481564,1.119893899204244,40.26920430436781,21.881609760202146,1333.080079486647,724.3733414236382,2269.347344376258,15.841672521932159,900744895513.3716
181,India,2011,1281.61054354933,7.616,8.9117933648337,1807020595447.34,55.6238800135298,,15.5495491027832,46.6704666666667,1261224954,1.089117933648337,43.85791258163579,21.881609760202146,1432.7504302197149,714.8284984944039,2145.488553452342,15.316506337935413,901559540131.4937
182,India,2012,1333.09626557668,7.666,9.47899691419798,1806177396650.21,55.7937217287511,64.064,16.1356633063104,53.4372333333333,1278674502,1.0947899691419798,48.015202761880694,21.881609760202146,1412.5388391065376,643.7257758077532,2131.8568584079862,12.046390422054413,823115735805.5424
183,India,2013,1399.4537980287,7.711,10.0178784746103,1833600950822.72,53.8441319466777,,17.2883428104744,58.5978454166667,1295829511,1.100178784746103,52.82530742390364,21.881609760202146,1415.0016921652898,586.1303293424074,1986.6551010324317,10.002591821843627,759524978054.0406
184,India,2014,1484.31640682913,7.674,6.66565671867896,2015014420953.0,48.9221857470669,,18.3007666190468,61.0295144607843,1312277191,1.0666565671867896,56.346461077367884,21.881609760202146,1535.5097495960363,596.300539221295,1988.546881063662,9.770691189169783,782511596601.1063
185,India,2015,1583.99815907985,7.631,4.9069734412726,2079182865637.81,41.9229138658647,,19.1154412106207,64.1519444632786,1328024498,1.049069734412726,59.11136695753133,21.881609760202146,1565.6208667604037,579.5552801797586,1945.0034000174921,9.034103097397205,769663610023.9733
186,India,2016,1694.46534973825,7.601,4.94821634062135,2268496715258.31,40.082485713276,,19.7442391048838,67.1953128073894,1343944296,1.0494821634062135,62.03632527648855,21.881609760202146,1687.939538870821,595.3743089032545,2026.2296618126836,8.860354748401168,800149906435.4708
187,India,2017,1788.69770318446,7.618,3.328173374613,2622801076651.03,40.7424969545225,,20.4555778503418,65.1215686450659,1359657400,1.03328173374613,64.10100173692895,21.881609760202146,1929.0161452811788,658.491714145159,2096.3481784111295,10.111729920606745,895323131976.1501
188,India,2018,1883.35772705062,7.652,3.93882646691633,2673994276922.32,43.6169693323889,60.646,20.4745960235596,68.3894670935422,1374659064,1.0393882646691632,66.6258289589016,21.881609760202146,1945.205430895351,638.8547325772688,2133.9094876828226,9.3414199543835,878207448716.6387
189,India,2019,1936.03067741067,6.51,3.72950573539127,2808367623254.15,39.9054035306442,61.446,20.2395000457764,70.4203405359551,1389030312,1.0372950573539128,69.11064307117582,21.881609760202146,2021.8188177697234,640.1423631770824,2227.2804715760917,9.09030485091505,889177146448.2802
190,India,2020,1806.50110583878,7.859,6.62343677628536,2638922006729.05,37.7581053292768,61.103,20.3193664550781,74.0995668836052,1402617695,1.0662343677628536,73.68814282067939,21.881609760202146,1881.426432973277,558.68742816649,2037.3911038011784,7.53968547541,783624872720.3602
191,India,2021,1965.30943437506,6.38,5.13140747176368,3129982849042.07,45.4230887840446,61.889,20.7278957366943,73.9180128154351,1414203896,1.0513140747176368,77.46938168718363,21.881609760202146,2213.247225449639,625.1426180951589,2229.32904732963,8.457243292728515,884079126065.814
192,India,2022,2098.2112447615,4.822,6.69903414079849,3300028288219.33,50.0752701498882,63.462,20.4894572228217,78.6044905829916,1425423212,1.0669903414079849,82.65908201507355,21.881609760202146,2315.121755025363,612.8617637149817,2351.145089434228,7.796778010639414,873587383746.5942
193,India,2023,2270.9051808027,4.172,5.64914318907929,3588703952276.07,44.9928422877561,65.269,20.2904054217658,82.5992764460784,1438069596,1.056491431890793,87.32861191688355,21.881609760202146,2495.5008869237436,625.2884978393504,2545.458132452182,7.570144978782528,899208377471.2815
194,India,2024,2396.71271858102,4.202,4.95303550973652,3856153103605.07,44.6710926352422,65.309,20.4456693184455,83.669281580941,1450935791,1.0495303550973651,91.65402907528679,21.881609760202146,2657.7007249558364,634.5031496118982,2596.5607612061385,7.583465970101402,920623329274.1306
195,Netherlands,1960,14369.9782504069,,,13089960925.6137,,,,3.8000000028,11486631,,,4.802545403452795,1139.582260944371,,,,
196,Netherlands,1961,14224.123319994,,,14309993370.5951,,,,3.65000000265,11638712,,,4.802545403452795,1229.5169234014124,,,,
197,Netherlands,1962,14982.6014928093,,2.43112264417808,15656735209.1033,,,,3.62000000262,11805689,1.0243112264417809,1.0243112264417809,4.802545403452795,1326.2025798835884,6217.981351421975,,1717.67440522698,73407554042.68755
198,Netherlands,1963,15317.7070528753,,3.24364737396404,16898706166.0424,,,,3.62000000262,11965966,1.0324364737396403,1.0575362706394784,4.802545403452795,1412.2308358591692,6413.305054084416,,1771.6312291278293,76741390224.80228
199,Netherlands,1964,16364.8359498626,,5.82376825817436,19892910183.7296,,,,3.62000000262,12127120,1.0582376825817437,1.1191247322876614,4.802545403452795,1640.3655759759613,7039.367399898187,,1944.5766283987282,85367253182.65329
200,Netherlands,1965,17536.8825572961,,3.90803782779623,22753822436.5973,,,,3.62000000262,12294732,1.0390803782779623,1.1628605501656866,4.802545403452795,1850.6969030798964,7643.268923177669,,2111.400253493315,93971943014.39804
201,Netherlands,1966,17783.9545025959,,5.76214023622457,24755107214.3603,,,,3.62000000262,12456251,1.0576214023622457,1.229866205817966,4.802545403452795,1987.3641928346096,7760.524457159699,,2143.7912849566205,96667040530.01996
202,Netherlands,1967,18511.9894261435,,3.45533218314714,27176967706.2098,,,,3.62000000262,12598201,1.0345533218314713,1.2723621686372446,4.802545403452795,2157.210200584179,8142.4143128942205,,2249.2857201660477,102579772139.11827
203,Netherlands,1968,19496.2111128994,,3.72079328019143,30100052630.6401,,,,3.62000000262,12729721,1.0372079328019144,1.3197041347075973,4.802545403452795,2364.549280431213,8604.849359275984,,2377.030208024355,109537331590.61203
204,Netherlands,1969,20510.8206478374,,7.42179005501285,34112341378.8243,80.9828748623412,,,3.62000000262,12877984,1.0742179005501284,1.4176498049329191,4.802545403452795,2648.888318142366,8973.58880330561,,2478.8919328206944,115561733031.54878
205,Netherlands,1970,21502.1677859336,,3.66893088808655,38132013757.8377,86.4827481438493,,,3.62000000262,13038526,1.0366893088808655,1.4696623965110018,4.802545403452795,2924.564767354661,9556.858169538107,,2640.016067022449,124607343721.835
206,Netherlands,1971,22165.2641987218,,7.47767867671158,44278953007.5188,85.4209009334205,,,3.51708053888963,13194497,1.0747767867671159,1.5795590281545535,4.802545403452795,3355.865176786868,10203.287494874246,,2901.0673432276603,134627246241.25577
207,Netherlands,1972,22717.6765218986,,7.80279219256606,54465217659.9835,82.7592664211772,,,3.209499999,13328593,1.0780279219256605,1.7028087366803693,4.802545403452795,4086.3441219927336,11524.989716849386,,3590.898806804887,153611897265.0707
208,Netherlands,1973,23757.1122495523,,8.02220995878935,72189307898.4708,86.2336150536005,,,2.79554999908333,13439322,1.0802220995878935,1.839411628733477,4.802545403452795,5371.499239207959,14024.522068869788,,5016.73090213678,188480067979.64728
209,Netherlands,1974,24382.224886917,,9.59142267268509,85180540208.2138,96.1146024550276,,,2.68838333233333,13545056,1.095914226726851,2.0158373727358256,4.802545403452795,6288.681287712196,14982.19936814304,,5572.940133927825,202934729444.6621
210,Netherlands,1975,24166.3402542361,,10.2174757948241,99044801324.5033,90.5219132175669,,,2.52899166575,13666335,1.102174757948241,2.221805068358127,4.802545403452795,7247.356465687641,15665.532038412754,,6194.378672958959,214090408790.18155
211,Netherlands,1976,25045.8849732601,,8.83065158603154,108621623603.934,92.8503018576983,,,2.64394166566667,13774037,1.0883065158603153,2.418004932865623,4.802545403452795,7885.968623718232,15662.797809402022,,5924.033049894331,215739956550.22238
212,Netherlands,1977,25524.9215990963,,6.39929487406098,126732190895.214,89.7302872418921,,,2.45424999908333,13856185,1.06399294874061,2.5727401985890346,4.802545403452795,9146.25424640433,17073.352884200915,,6956.64781117566,236571536133.77148
213,Netherlands,1978,26052.3514223611,,4.11201196269293,154376211040.945,86.4819179410433,,,2.16358333258333,13941700,1.0411201196269293,2.6785315833240255,4.802545403452795,11072.983283311576,19853.60385550644,,9176.260306923854,276792988872.31415
214,Netherlands,1979,26394.2639274121,,4.19929990168348,178331666483.577,94.5987577072761,,,2.00599166575,14038270,1.0419929990168348,2.7910111574691125,4.802545403452795,12703.250933596304,21858.722856332945,,10896.716686088726,306858653312.3731
215,Netherlands,1980,26537.618533272,,6.51345545521797,192851496342.274,99.8801255665252,,,1.98811666591667,14149800,1.0651345545521798,2.9728024259610266,4.802545403452795,13629.273653498565,22018.014034635995,,11074.809849996427,311550494987.29236
216,Netherlands,1981,26149.6510424989,,6.73892655204781,160937774441.402,104.957946798652,,,2.49519999908333,14247208,1.0673892655204782,3.173137397984036,4.802545403452795,11296.092149521648,17096.642415840743,,6851.812448750238,243579420600.10553
217,Netherlands,1982,25707.0446398562,,5.91109658468385,155375549228.357,104.595244781537,,,2.67020833241667,14312690,1.0591109658468385,3.3607046143435966,4.802545403452795,10855.789458750032,15513.241343334847,,5809.749432282911,222036214242.3352
218,Netherlands,1983,26139.8532389257,,2.74084033162257,151227726044.321,104.89857252468,,,2.854124999,14367070,1.0274084033162256,3.4528161618402264,4.802545403452795,10525.996326621991,14640.679638222407,,5129.656074401809,210343669209.91602
219,Netherlands,1984,26833.4491203001,,3.30164075759304,142303576923.077,110.639752105287,,,3.20868333291667,14424211,1.0330164075759305,3.5668157475243034,4.802545403452795,9865.605607341504,13283.562206627055,,4139.879454714652,191604904100.01422
220,Netherlands,1985,27397.7390694574,,2.2585844298862,140393696257.962,114.574086243885,,,3.3214,14491632,1.022585844298862,3.6473752926406164,4.802545403452795,9687.91480890227,12756.200555619716,,3840.6095488708725,184858164170.23645
221,Netherlands,1986,28005.4569475131,,0.0833467771085433,196264745457.816,97.2090454633133,,,2.45002499991667,14572278,1.0008334677710855,3.650415262396086,4.802545403452795,13468.364071685704,17719.197766570323,,7232.251820766313,258209075791.44186
222,Netherlands,1987,28365.751329384,,-0.691210481411521,242238137510.879,95.7408886931331,,,2.0257,14665037,0.9930878951858848,3.6251832094873584,4.802545403452795,16518.07203151816,21882.69842507841,,10802.536617010619,320910582063.61664
223,Netherlands,1988,29152.9132541223,,0.73795068833231,257914439736.871,100.058045106216,,,1.97658333333333,14760094,1.0073795068833231,3.6519352739350777,4.802545403452795,17473.766748156955,22979.201952542422,,11625.718766832899,339175180864.5097
224,Netherlands,1989,30259.4323280832,,1.082158102533,254950665073.262,106.116656313132,,,2.1207375,14848907,1.01082158102533,3.691454987401227,4.802545403452795,17169.65868755606,22337.55136936559,,10532.916671377568,331688222891.43225
225,Netherlands,1990,31308.9134208148,,2.45409184818342,309641832264.311,104.115680713624,,0.918099,1.82094166666667,14951510,1.0245409184818342,3.7820466833264006,4.802545403452795,20709.736492455344,26297.784804465464,52158.57123413136,14441.860102309016,393191592481.8134
226,Netherlands,1991,31820.8313025199,7.285,3.15820041477122,319921537010.844,105.194616821176,,0.915749,1.86966666666667,15069798,1.0315820041477122,3.901491297366056,4.802545403452795,21229.318203923103,26132.2547682007,53353.70900208026,13976.959227063997,393807800641.3214
227,Netherlands,1992,32119.9518808361,5.555,3.18358181761551,353156451127.82,102.080770696115,,0.91769,1.75846633333333,15184166,1.031835818176155,4.0256984649248535,4.802545403452795,23258.205365235073,27746.386929517805,53167.28665148035,15778.742193444245,421305745038.0287
228,Netherlands,1993,32297.9766237802,6.287,2.58418448671799,346481013289.037,99.0328336645559,,0.910762,1.85730516666667,15290368,1.02584184486718,4.129729940137486,4.802545403452795,22660.08334717889,26351.86336596823,53739.0141232363,14188.224874893482,402929688351.3729
229,Netherlands,1994,33054.4495589641,7.159,2.80152463293178,374048186221.092,103.046028953898,,0.910114,1.81999508333333,15382838,1.0280152463293177,4.245425341683997,4.802545403452795,24315.941325072265,27506.881606127165,55006.72364229476,15113.712041324954,423133903632.234
230,Netherlands,1995,33916.5007865382,7.157,1.92322003453524,449828438100.467,107.916808067097,,0.909826,1.60567525,15459006,1.0192322003453524,4.3270742124065,4.802545403452795,29098.147584680864,32295.53459728645,56995.66795011526,20113.366384196586,499256863112.65875
231,Netherlands,1996,34915.1715894675,6.421,1.94936713166008,450865359477.124,108.664639443962,78.631,0.905466,1.68589675,15530498,1.0194936713166007,4.411424774865691,4.802545403452795,29030.966004897204,31604.875853030557,58845.45359491984,18746.626003656842,490839461225.7393
232,Netherlands,1997,36211.6492887576,5.511,2.10924562739483,415653941721.256,114.295027863442,79.179,0.908828,1.95126991666667,15610650,1.0210924562739483,4.504472559035357,4.802545403452795,26626.305869470903,28388.23884227195,60950.05483994058,14548.596583074073,443158860683.1126
233,Netherlands,1998,37661.7337325878,4.394,1.95913632274252,430291046434.126,112.408095451564,80.409,0.905952,1.983733,15707209,1.0195913632274252,4.592721317087388,4.802545403452795,27394.49423727194,28646.045186682313,62725.29356556734,14440.474190166879,449949418770.66315
234,Netherlands,1999,39298.7334353319,3.622,2.15717918055059,444881733754.827,114.327740793016,80.555,0.906357,0.938283072395283,15812088,1.0215717918055058,4.691794545160306,4.802545403452795,28135.54628299735,28799.692137931317,29814.15007907091,30694.03358669833,455383266457.8781
235,Netherlands,2000,40665.338169599,2.725,2.36052233801948,414279019962.354,125.667030082421,80.171,0.890437,1.08270508132602,15925513,1.0236052233801949,4.802545403452795,4.802545403452795,26013.543172038102,26013.543172038102,31630.531273587512,24026.434918157556,414279019962.354
236,Netherlands,2001,41297.3198832208,2.119,4.15584127195613,421635512688.977,119.47546387654,80.321,0.904818,1.11653308564462,16046180,1.0415584127195614,5.002131567433919,4.802545403452795,26276.379343181805,25227.945953192255,31130.941625380412,22594.893315344198,404812161795.19446
237,Netherlands,2002,41135.4190736263,2.554,3.28753104712771,461834282282.746,112.750024358671,80.669,0.900863,1.05755899623965,16148929,1.0328753104712771,5.166578195731485,4.802545403452795,28598.44651510611,26583.423816266866,31207.341191440202,25136.587094232313,429293823785.8027
238,Netherlands,2003,40981.8477039972,3.593,2.09199838997654,575188272449.411,111.30450319576,79.859,0.925452,0.88404792718493,16225302,1.0209199838997653,5.274662928403066,4.802545403452795,35450.081141750765,32277.062354558475,30833.0092432305,36510.53451065508,523705084375.54236
239,Netherlands,2004,41663.1477772692,4.646,1.2636473918318,651784911462.55,116.958160026939,79.884,0.907767,0.803921647747618,16281779,1.012636473918318,5.34131606892575,4.802545403452795,40031.55376710064,35993.63004480069,31876.085354539588,44772.55979565372,586040329797.2048
240,Netherlands,2005,42411.3453838518,5.872,1.68813017869623,678447212775.097,122.255849523252,79.506,0.897139,0.803800192161442,16319868,1.0168813017869622,5.431484437424837,4.802545403452795,41571.856633589014,36758.041247983296,32933.71553193784,45730.321548119886,599886381105.6426
241,Netherlands,2006,43841.1223404104,5.007,1.10150106517702,732215009929.411,127.195613539333,79.266,0.871921,0.796432730949102,16346101,1.0110150106517701,5.491312296357996,4.802545403452795,44794.47483711321,39175.97244865111,35784.235870986005,49189.30491714654,640374402418.8684
242,Netherlands,2007,45445.522872349,4.153,1.61385859802103,842619235719.218,129.798241740597,79.428,0.860004,0.729672399984083,16381696,1.0161385859802103,5.579934311996955,4.802545403452795,51436.62998747004,44270.54820059703,37561.44989341987,60671.81409295836,725226662375.5276
243,Netherlands,2008,46227.211156219,3.658,2.48650198289454,910700610782.812,130.152049980117,80.139,0.847775,0.679922680042729,16445593,1.0248650198289453,5.718679489308972,4.802545403452795,55376.57479318696,46505.23171112644,37297.58695530913,68397.82386462513,764806113091.879
244,Netherlands,2009,44304.4119317351,4.352,1.18977687021549,847381928238.671,115.109660363107,79.894,0.848369,0.716957702016136,16530388,1.0118977687021549,5.786719015154527,4.802545403452795,51262.071297943585,42543.69777393352,35953.73215106678,59339.201816645,703263831157.8573
245,Netherlands,2010,44659.272839058,4.991,1.27530569556683,847936334300.002,130.081707935343,79.87,0.854194,0.754308990105961,16615394,1.0127530569556682,5.860517372341241,4.802545403452795,51033.17648079859,41820.39426896928,36930.134567626716,55441.99368894515,694862328014.2665
246,Netherlands,2011,45239.7318887962,4.977,2.34107017751372,911896333336.578,141.757099325776,79.305,0.836065,0.718413898653317,16693074,1.0234107017751373,5.997716196793133,4.802545403452795,54627.22643753799,43741.60540827967,37586.28488779845,60886.35741913442,730181855959.2126
247,Netherlands,2012,44631.8745388789,5.821,2.45554765291609,837970006725.0,149.393223058131,79.027,0.824408,0.778338120416812,16754962,1.024555476529161,6.144992976092055,4.802545403452795,50013.24423922895,39087.2499232085,36902.961443232336,50218.85591608526,654905387147.8615
248,Netherlands,2013,44487.03063469,7.241,2.50689852657885,878866175034.512,150.651850226949,80.533,0.798166,0.752945122701996,16804432,1.0250689852657886,6.299041714468082,4.802545403452795,52299.665649782866,39874.560330593515,37615.42801974386,52958.12288085602,670069337605.3562
249,Netherlands,2014,45042.0669545832,7.419,0.976035079699672,893388878934.507,151.715891056501,80.208,0.808798,0.752728196932603,16865008,1.0097603507969968,6.360522571286206,4.802545403452795,52972.92944862564,39997.48385131212,37224.66413274894,53136.68866704269,674557885132.2496
250,Netherlands,2015,45793.8135434697,6.872,0.600248147278746,763958429378.515,160.325812564809,79.58,0.809761,0.901296423367096,16939923,1.0060024814727875,6.398701490177598,4.802545403452795,45098.105190827315,33848.38285097543,37674.6057174207,37555.21709996741,573388999170.0443
251,Netherlands,2016,46655.0363382039,6.007,0.3166666666667,773518284993.387,150.96552921165,79.223,0.795448,0.903421436257263,17030314,1.003166666666667,6.418964044896496,4.802545403452795,45420.08356354363,33982.43268179197,38595.17924603526,37615.26051736828,578731499054.7794
252,Netherlands,2017,47670.1057253297,4.837,1.38145871407207,832744479235.296,159.646059656847,79.11,0.78215,0.885205508269372,17131296,1.0138145871407207,6.507639383047872,4.802545403452795,48609.543564905776,35873.1525013053,40599.77266910779,40525.22512138384,614553593953.0015
253,Netherlands,2018,48463.0299739951,3.832,1.70349794744475,924013056151.372,163.559146573044,79.439,0.776747,0.846772667108111,17231624,1.0170349794744475,6.6184968863651985,4.802545403452795,53623.0976344059,38910.248880459556,42418.10425060816,45951.23389297085,670486778454.5
254,Netherlands,2019,49254.0158854264,3.379,2.63369910249596,908683056980.391,160.676671884999,78.97,0.767329,0.893276257067409,17344874,1.0263369910249596,6.792808179460121,4.802545403452795,52389.14142474549,37039.35451924488,43118.891595578796,41464.61324388452,642442937177.633
255,Netherlands,2020,47086.5804192702,3.82,1.27246037789166,903478264375.1,152.233230409706,78.973,0.747828,0.875506396987998,17441500,1.0127246037789166,6.879243972089935,4.802545403452795,51800.49103432044,36163.01604112101,42337.21106776027,41305.25621004315,630737244281.2122
256,Netherlands,2021,49780.8440526836,4.209,2.67572008805385,1067276470046.49,163.154842689698,79.378,0.741535,0.84549413889045,17533044,1.0267572008805386,7.06331328495738,4.802545403452795,60872.28607003381,41388.77972266927,47191.25957823268,48952.17816291921,725671295983.8682
257,Netherlands,2022,51777.5431588864,3.526,10.0012078753473,1031119953291.83,184.107484252682,80.316,0.727716,0.949623753156941,17700982,1.100012078753473,7.76972992947299,4.802545403452795,58252.13275126939,36006.20805682321,46985.84397192056,37916.28835854593,637345240702.0826
258,Netherlands,2023,51305.6282773372,3.537,3.8383935434281,1144728283196.1,165.905457011481,79.885,0.76264,0.924839558470698,17877117,1.038383935434281,8.067962741427682,4.802545403452795,64033.1594404232,38116.45707783056,46223.12930652487,41214.12922784078,681412362805.855
259,Netherlands,2024,51471.0496318407,3.599,3.3475430421995,1210379369014.39,156.173668455139,80.018,0.74837,0.923889546117607,17994237,1.033475430421995,8.338041266825593,4.802545403452795,67264.83423633855,38743.202406664095,47829.86983261685,41934.8855818012,697154366244.4841
260,South Africa,1960,3993.43679652042,,1.28887692687989,8418196632.72135,46.8554968795007,,,0.714285999714286,16440172,1.012888769268799,1.012888769268799,34.230818052798554,512.0503990299705,17304.86562281775,,24226.802190914685,284494967276.011
261,South Africa,1961,4032.2227245037,,2.10235059955979,8853596458.56142,43.7481031866464,,,0.714285999714286,16908035,1.0210235059955979,1.0341832423823953,34.230818052798554,523.6324894383895,17331.90767161148,,24264.66104409751,293048501528.3754
262,South Africa,1962,4155.85711467972,,1.24627519965492,9490596203.76152,43.3523537803138,,,0.714285999714286,17418522,1.0124627519965492,1.0470720116511942,34.230818052798554,544.8565730066833,17812.419783861253,,24937.377732429602,310266025878.4225
263,South Africa,1963,4329.07391977209,,1.33797064490697,10530795787.6817,44.9761382690571,,,0.714285999714286,17954564,1.0133797064490697,1.061081527798124,34.230818052798554,586.5247291820452,18921.469050319127,,26490.04608502435,339726727037.974
264,South Africa,1964,4532.23430548773,,2.53498854234897,11580795367.6819,45.9484777517564,,,0.714285999714286,18511361,1.0253498854234897,1.087979822952788,34.230818052798554,625.6047498442659,19683.234847834956,,27556.517775384425,364363465916.0529
265,South Africa,1965,4664.09699107786,,4.06901853294583,12653194938.722,45.5168719871452,,,0.714285999714286,19089380,1.0406901853294583,1.1322499235834482,34.230818052798554,662.8394918390226,20039.337226485393,,28055.060906277202,382538523264.5257
266,South Africa,1966,4722.49942007925,,3.48923715385177,13777394489.0422,42.0943749384297,,,0.714285999714286,19690087,1.0348923715385177,1.1717568085915802,34.230818052798554,699.7122201157466,20440.864111462834,,28617.19832061551,402482392709.88086
267,South Africa,1967,4906.85685086378,,3.53896580236232,15371993851.2025,42.4918148836386,,,0.714285999714286,20314066,1.0353896580236233,1.2132248813344884,34.230818052798554,756.716742537043,21350.562067932413,,29890.774950751696,433716726985.0755
268,South Africa,1968,4953.80064833126,,1.9861336210322,16608193356.7227,41.2933289731851,,,0.714285999714286,20957287,1.019861336210322,1.2373211486014006,34.230818052798554,792.4782132688597,21924.120152537835,,30693.755948328082,459470078259.2191
269,South Africa,1969,5029.64691362757,,3.23821721585666,18657792536.883,39.62195565249,,,0.714285999714286,21614676,1.0323821721585666,1.2773882950508466,34.230818052798554,863.200194945462,23131.610748900897,,32384.2421077181,499982271695.6102
270,South Africa,1970,5135.5615026895,,4.99192455435617,20554791778.0833,39.7862232779097,,,0.714285999714286,22279984,1.0499192455435618,1.3411545550059616,34.230818052798554,922.5676184544523,23547.058145418338,,32965.86823042472,524628078726.99023
271,South Africa,1971,5200.7432180827,,5.95742085213487,22755331598.6617,40.4980888676541,,,0.715216916321429,22942143,1.0595742085213486,1.4210527761252434,34.230818052798554,991.8572819749969,23892.206344514463,,33405.53865448137,548138414541.3581
272,South Africa,1972,5137.37692437712,,6.42567638879177,23813457348.2064,40.7725777353285,,,0.768725237196027,23609456,1.0642567638879177,1.512365028832993,34.230818052798554,1008.6406628008033,22829.538074965054,,29697.916720201887,538992974681.2121
273,South Africa,1973,5220.82176643606,,9.43398376978393,32337645307.5758,41.1514967725166,,,0.693959098021092,24294263,1.0943398376978393,1.6550413001929856,34.230818052798554,1331.0815523638564,27530.437111805513,,39671.55584574346,668831679699.1636
274,South Africa,1974,5385.83133677931,,11.7241315190611,40139695677.7051,48.796358852185,,,0.679477003570251,24989108,1.117241315190611,1.8490805189223902,34.230818052798554,1606.2876545135225,29736.152579311634,,43763.29503878084,743079928308.897
275,South Africa,1975,5327.51843473453,,13.4259248530375,41368044699.9897,49.8140560983297,,,0.739507755296336,25690940,1.134259248530375,2.0973366798650663,34.230818052798554,1610.2191940033997,26280.530343178107,,35537.86982618858,675171528214.7682
276,South Africa,1976,5301.98639575895,,11.0204105892452,39648559912.14,48.8807534303999,,,0.869565218147448,26395450,1.110204105892452,2.32847179342504,34.230818052798554,1502.0982749731488,22082.317206168776,,25394.664765011774,582872699699.5676
277,South Africa,1977,5155.68575875517,,11.15195783193,43590760897.6902,48.2113862390907,,,0.869565218147448,27118952,1.1115195783193,2.5881419859561845,34.230818052798554,1607.3910561768832,21259.386495118695,,24448.29444812711,576532281910.5721
278,South Africa,1978,5168.06930314104,,11.1356088829565,49654712413.6781,50.9515108298422,,,0.869565218147448,27869507,1.111356088829565,2.8763473548478484,34.230818052798554,1781.6860705027218,21203.479337706915,,24384.00121715947,590930515826.5782
279,South Africa,1979,5220.72505658187,,13.2936624628059,60699054538.8903,54.1070082893745,,,0.842022601934943,28634162,1.132936624628059,3.258719263459167,34.230818052798554,2119.8125001489584,22267.311214044457,,26445.027915966668,637605796607.3656
280,South Africa,1980,5399.54067871187,,13.6602404681115,86086380409.6893,56.5073165127734,,,0.778833737276042,29518857,1.136602404681115,3.703868151028361,34.230818052798554,2916.3182168499716,26952.352026174733,,34606.04071985908,795602625274.3121
281,South Africa,1981,5498.59203384975,,15.2542337674194,89562307211.0887,52.1929556270568,,,0.877578942758154,30541044,1.152542337674194,4.268864857223221,34.230818052798554,2932.522778562799,23515.069468366022,,26795.389363445996,718174771296.4233
282,South Africa,1982,5291.38261097586,,14.6390405853128,82776455679.4153,47.141815686779,,,1.08581583308333,31615339,1.146390405853128,4.893785716204284,34.230818052798554,2618.2371689709003,18313.920009483314,,16866.50668693816,579000789518.6982
283,South Africa,1983,5015.37142372166,,12.3032053006006,92847141190.1984,40.2562021253767,,,1.11409999975,32739304,1.123032053006006,5.495878219840365,34.230818052798554,2835.953421312756,17663.60201008752,,15854.592957590134,578294035943.2665
284,South Africa,1984,5091.71936365917,,11.5264814344961,81876827199.2311,43.392941289225,,,1.47527749975,33892788,1.115264814344961,6.129359602512779,34.230818052798554,2415.759576911498,13491.364824257053,,9144.967524105326,457259967819.20154
285,South Africa,1985,4865.05694085787,,16.294225242642,61888790424.804,47.9482663808045,,,2.22867499941667,35042093,1.16294225242642,7.128091262077717,34.230818052798554,1766.1271096108328,8481.369489310038,,3805.565859324459,297204938411.7649
286,South Africa,1986,4712.81869464239,,18.6549230388755,70409079610.2637,46.6489279194359,,,2.28503166641667,36180515,1.186549230388755,8.457831201159125,34.230818052798554,1946.0496792338004,7876.117518451988,,3446.8307963552734,284961988018.1149
287,South Africa,1987,4664.13011613961,,16.1605948546791,93418918062.7229,44.9712541338082,,,2.03603333333333,37326190,1.1616059485467911,9.82466703507109,34.230818052798554,2502.7713265865846,8720.082787775284,,4282.878204896104,325487466952.22986
288,South Africa,1988,4714.22284174624,,12.779553083028,100804585769.406,45.8513122493528,,,2.2734675,38480649,1.12779553083028,11.080215574048754,34.230818052798554,2619.6176101241435,8092.952089315728,,3559.739512139816,311422048722.77515
289,South Africa,1989,4687.291051902,,14.7308753982382,104686166081.45,42.6997653451896,,,2.6226775,39628575,1.147308753982382,12.712428324118061,34.230818052798554,2641.683837520022,7113.27501635609,,2712.2187216522393,281888952481.2935
290,South Africa,1990,4544.23023212165,,14.3209918914915,121780791791.973,38.2118009241798,,1.25844116916456,2.58732083333333,40746268,1.143209918914915,14.532974153626677,34.230818052798554,2988.7594071676212,7039.693209996814,14473.417867115404,2720.84278041674,286841226172.3104
291,South Africa,1991,4396.36069450543,23.002,15.3347785733672,131995444199.593,34.8816092569776,,1.40783383378779,2.761315,41687898,1.153347785733672,16.761573560210014,34.230818052798554,3166.2772778707385,6466.234271750888,12682.824676872504,2341.7227921301583,269563714764.85532
292,South Africa,1992,4225.814328485,23.262,13.874703748615,144010513272.375,34.3213534993474,,1.57899975535006,2.85201416666667,42443509,1.13874703748615,19.087192235295333,34.230818052798554,3392.992631037528,6084.965875324553,10990.760968333052,2133.567899642111,258267303894.03055
293,South Africa,1993,4193.59826135345,23.179,9.71742729803026,144532358674.583,35.6981243460429,,1.7426716295411,3.26774158333333,43297156,1.0971742729803027,20.941976263995436,34.230818052798554,3338.1490154822873,5456.3891268732705,10231.456886359503,1669.7737528275916,236246131222.93576
294,South Africa,1994,4258.26184733408,22.942,8.938563723594,151091003233.639,37.1146091666279,,1.87365948242182,3.55079833333334,44004139,1.08938563723594,22.8138881573326,34.230818052798554,3433.563448057443,5151.848069589906,9763.339449194564,1450.8985264599828,226702638561.1159
295,South Africa,1995,4337.29729686998,22.647,8.68042421392633,168861173587.054,39.4780337793026,,2.03408427186827,3.627085,44541554,1.0868042421392632,24.794230429079768,34.230818052798554,3791.0930001915513,5233.968244426438,9332.97010964003,1443.0233216002487,233129079193.40536
296,South Africa,1996,4465.50649854807,22.48,7.35411972085331,160122826316.263,42.199251732528,,2.15775685434825,4.29934916666667,45123018,1.0735411972085331,26.617627818698537,34.230818052798554,3548.5841464829105,4563.552360513892,9092.917489140096,1061.4519043709263,205921255307.41086
297,South Africa,1997,4527.04992403877,22.518,8.59777611252273,165756676595.857,42.3013344291831,,2.2937876958516,4.60796166666667,45666838,1.0859777611252273,28.906151865014802,34.230818052798554,3629.694628646218,4298.303592972744,8634.808802896041,932.7993381685556,196289933855.10422
298,South Africa,1998,4494.85711232358,22.673,6.88054521037351,149819615960.396,44.0357453368965,,2.45147668534136,5.52828416666667,46223880,1.0688054521037351,30.895052712666374,34.230818052798554,3241.1735224389645,3591.1258076174067,8098.287885611661,649.5913920761257,165995768396.21008
299,South Africa,1999,4552.85007973031,22.791,5.18148905111698,148308666492.948,42.2582960172673,,2.58379166000123,6.10948416666667,46730335,1.0518148905111697,32.495876486309996,34.230818052798554,3173.7128889178302,3343.156123151063,7905.033411663085,547.2075926460886,156226805592.15045
300,South Africa,2000,4700.87555500704,22.714,5.33895913599827,148579191530.395,46.2207217354077,83.082,2.75855373002062,6.93982833333333,47159719,1.0533895913599827,34.230818052798554,34.230818052798554,3150.552943930709,3150.552943930709,7925.999899154995,453.98139443853347,148579191530.395
301,South Africa,2001,4786.482450463,22.605,5.70189483049609,131692500471.299,49.170945185829,85.094,2.90824926745295,8.60918083333334,47566800,1.0570189483049608,36.18262329778759,34.230818052798554,2768.5801960884273,2619.2342157424255,7753.620454937631,304.23733296449984,124588590093.3768
302,South Africa,2002,4916.81498068625,22.547,9.494713780996,126298380475.312,53.4655016294369,85.95,3.22280216303191,10.5407466666667,48019415,1.09494713780996,39.6180598183685,34.230818052798554,2630.1524180440765,2272.5057533345544,7432.633538357509,215.5924836445376,109124396859.25958
303,South Africa,2003,5011.62223150169,22.629,5.679424140688,192409559233.228,45.723862568979,85.902,3.36253789021835,7.56474916666667,48500348,1.05679424140688,41.86813747176514,34.230818052798554,3967.1789413393076,3243.511384175136,7296.97354842875,428.7665476692014,157311430874.45578
304,South Africa,2004,5187.35683424034,22.538,-0.692039437857689,251495558194.484,45.6435752240041,83.975,3.47233409375698,6.4596925,48991421,0.9930796056214231,41.57839344856405,34.230818052798554,5133.46118689809,4226.295469717832,7862.31059897284,654.2564479219145,207052220627.33905
305,South Africa,2005,5406.07581377638,22.461,2.06285308223427,283925657333.605,47.4277813970329,82.426,3.55520900961863,6.35932833333333,49490033,1.0206285308223426,42.43609461936124,34.230818052798554,5737.027036001471,4627.738023370175,8277.798984993808,727.7086165080082,229026907491.94473
306,South Africa,2006,5650.9883176549,22.324,3.24390765419229,298723218173.567,53.7681412741145,83.493,3.65801240097644,6.77154916666667,49998277,1.032439076541923,43.812682340858984,34.230818052798554,5974.6702506081765,4668.005685726,8641.203622692901,689.3556512451418,233392241312.50345
307,South Africa,2007,5891.42069421698,22.287,6.17781214809388,323309276978.553,57.125139137747,84.306,3.8551962666791,7.045365,50528584,1.0617781214809388,46.51934755291835,34.230818052798554,6398.542198976978,4708.306228224261,8604.422087746947,668.2842163925163,237904046750.55276
308,South Africa,2008,6009.71963138635,22.407,9.90998456005467,307188878051.107,65.9745237996233,86.521,4.07924672019074,8.26122333333333,51114599,1.0990998456005467,51.12940771285073,34.230818052798554,6009.807062187987,4023.5281666772667,8148.383035611997,487.03781562745974,205661028804.91364
309,South Africa,2009,5847.05811084505,23.523,7.23809523809527,323126593033.907,49.5875353278801,85.842,4.40546153291946,8.47367415824888,51728516,1.0723809523809527,54.83020293778089,34.230818052798554,6246.585404342683,3899.7799929714342,7501.02224304274,460.223029602231,201729831762.90274
310,South Africa,2010,5953.94506512821,24.683,4.06749555950264,409232529965.626,50.4060871625999,84.606,4.61930941409365,7.32122196115288,52344051,1.0406749555950263,57.060419007541405,34.230818052798554,7818.128749065027,4690.1327991865655,7433.471147302533,640.6215825818243,245500550437.39435
311,South Africa,2011,6067.12482726885,24.639,5.00085338795019,447479678691.973,54.6363504358971,84.223,4.7766284942627,7.26113213232735,52995205,1.050008533879502,59.91392690465862,34.230818052798554,8443.776728328026,4824.210326353641,7333.463059952457,664.3881750720018,255660015208.2281
312,South Africa,2012,6121.55783860713,24.727,5.73797139141737,423516734077.151,55.5826171933345,,5.10604487750647,8.20996862659332,53782567,1.0573797139141736,63.35177088992264,34.230818052798554,7874.6098912897,4254.882454570556,6841.391389988302,518.2580650537876,228838500690.06537
313,South Africa,2013,6170.87670863373,24.561,5.78016910069177,391194711860.894,58.875027630051,84.69,5.29206484627155,9.65505606913526,54678791,1.0578016910069177,67.013610375643,34.230818052798554,7154.414073655981,3654.5030935792106,6667.422508663077,378.50666711938845,199823810862.67108
314,South Africa,2014,6155.00589462516,24.89,6.13282953059149,371745234720.224,59.4995740550593,84.154,5.5660949231475,10.8526555687831,55594838,1.0613282953059149,71.12344086227596,34.230818052798554,6686.686176155851,3218.218003757442,6274.814213963539,296.5373758856238,178916308567.5784
315,South Africa,2015,6112.27382485974,25.149,4.5186909489251,338766618711.13,56.7266761447156,83.569,5.81717732887118,12.7589308811644,56723537,1.045186909489251,74.33728934708371,34.230818052798554,5972.240742165462,2750.0960555349684,6031.840445191032,215.54282887407496,155995175359.6918
316,South Africa,2016,6095.295060428,26.536,6.60290842394869,315294109648.646,55.8612575048782,81.773,6.14841834119248,14.7096108855267,57259551,1.0660290842394868,79.24571248751741,34.230818052798554,5506.402061180082,2378.5343227433355,5690.45767933847,161.69933666183232,136193807358.37248
317,South Africa,2017,6125.6920507497,27.035,5.18618655524146,370872987853.886,53.5359318293741,83.581,6.41333675384521,13.3238014244992,57635162,1.0518618655524146,83.35554297415034,34.230818052798554,6434.8389938400105,2642.533356965827,5489.901911780651,198.33178781146174,152302838119.12924
318,South Africa,2018,6117.2701406047,26.906,4.50987264867393,393942734756.111,54.4855451276341,83.317,6.85541534423828,13.2339264715833,58613001,1.0450987264867393,87.11477180789518,34.230818052798554,6721.081125945267,2640.9769590819255,5098.231563607658,199.56110265179373,154795585143.64584
319,South Africa,2019,6032.82972598668,28.468,4.1028507546115,379611912078.734,53.8979964081406,82.022,7.06522130966187,14.4484270548333,59587885,1.041028507546115,90.6889608803935,34.230818052798554,6370.622351820912,2404.6103571070826,4917.445019372093,166.42713756877018,143285645429.10577
320,South Africa,2020,5569.58483319272,29.217,3.23238831615119,332348812405.049,50.7596590804177,78.615,7.24892425537109,16.4591053903333,60562381,1.0323238831615118,93.62038025593024,34.230818052798554,5487.710471704358,2006.4949337935443,4555.863796756853,121.90789755632719,121518110654.9744
321,South Africa,2021,5756.19549409213,34.007,4.61874544887136,412864533620.666,56.0347138372399,80.067,7.37613821029663,14.7786782139167,61502603,1.0461874544887135,97.94446730821707,34.230818052798554,6712.960321706481,2346.126633624688,4700.650879756841,158.75077592632073,144292894935.54562
322,South Africa,2022,5783.86090401536,33.268,7.03987272546481,398453691164.869,64.7830021330108,80.26,7.22899965344381,16.3558534845,62378410,1.070398727254648,104.83963314835003,34.230818052798554,6387.685918330862,2085.620751261169,4718.7867017824365,127.51525031926066,130097706326.67723
323,South Africa,2023,5747.41965026414,32.098,6.07524384579656,375533215475.893,65.1800955490051,81.023,7.31314484640596,18.4502441785,63212384,1.0607524384579656,111.20889650915086,34.230818052798554,5940.817158167821,1828.6219682923745,4613.408121096408,99.1109901094567,115591554050.5334
324,South Africa,2024,5708.96442241707,33.168,4.36115246518963,392352670971.177,61.7025980575759,80.841,7.41491099794419,18.3286575505,64007187,1.0436115246518962,116.05888604076986,34.230818052798554,6129.822124055803,1807.9514027979162,4469.011447206383,98.64068864926749,115721883525.79854
325,United States,1960,18853.7217509669,,1.45797598627791,545494000000.0,9.19743289940048,,,1.0,180671000,1.014579759862779,1.014579759862779,5.907375643224699,3019.2670655500883,17579.637825451395,,17579.637825451395,3176130745562.129
326,United States,1961,19019.4652460385,,1.07072414764724,565728000000.0,8.93820745594694,,,1.0,183691000,1.0107072414764724,1.0254431103487711,5.907375643224699,3079.780718706959,17742.009693716354,,17742.009693716354,3259047502648.451
327,United States,1962,19877.215292714,,1.19877334820186,608015000000.0,8.93473646354838,,,1.0,186538000,1.0119877334820186,1.0377358490566044,5.907375643224699,3259.4699203379473,18554.734554783277,,18554.734554783277,3461163074380.1626
328,United States,1963,20446.9297323947,,1.23966942148753,641927000000.0,8.96157787815685,,,1.0,189242000,1.0123966942148752,1.050600343053173,5.907375643224699,3392.0958349626403,19073.27029487565,,19073.27029487565,3609463817142.8574
329,United States,1964,21326.9266882957,,1.27891156462591,689380000000.0,9.206547781265,,,1.0,191889000,1.0127891156462592,1.0640365923384796,5.907375643224699,3592.5978039387355,19945.57792063138,,19945.57792063138,3827337001612.0347
330,United States,1965,22430.6652310647,,1.58516926383662,747568000000.0,9.23667125440563,,,1.0,194303000,1.0158516926383663,1.080903373356204,5.907375643224699,3847.434162107636,21027.07736730816,,21027.07736730816,4085624213700.0776
331,United States,1966,23635.4971627863,,3.0150753768844,818484000000.0,9.57851860411219,,,1.0,196560000,1.030150753768844,1.1134934248141795,5.907375643224699,4164.041514041514,22091.336032388663,,22091.336032388663,4342273010526.3154
332,United States,1967,24020.7533179974,,2.77278562259309,865352000000.0,9.68692935005927,,,1.0,198712000,1.0277278562259309,1.1443682104059465,5.907375643224699,4354.804943838319,22480.062293148887,,22480.062293148887,4467058138396.202
333,United States,1968,24950.882784753,,4.27179615288537,946736000000.0,10.0316564933807,,,1.0,200706000,1.0427179615288538,1.193253287592911,5.907375643224699,4717.028888025271,23352.344260219004,,23352.344260219004,4686955607091.516
334,United States,1969,25479.7488035953,,5.46238620028745,1023730000000.0,10.0555623631933,,,1.0,202677000,1.0546238620028745,1.2584333905088625,5.907375643224699,5051.041805434263,23710.75144650013,,23710.75144650013,4805623970922.307
335,United States,1970,25231.1271568518,,5.83825533848251,1079696000000.0,10.7582854049602,,,1.0,205052000,1.058382553384825,1.3319039451114925,5.907375643224699,5265.474123636931,23353.88651874512,,23353.88651874512,4788761138441.725
336,United States,1971,25734.4828326397,,4.29276668813051,1172444000000.0,10.7571790359274,,,1.0,207661000,1.042927666881305,1.3890794739851346,5.907375643224699,5645.9518156996255,24010.691154479733,,24010.691154479733,4986084135830.416
337,United States,1972,26798.5336088951,,3.27227824655283,1287668000000.0,11.3406196496001,,,1.0,209896000,1.0327227824655283,1.4345340194396807,5.907375643224699,6134.790562945459,25262.915941152824,,25262.915941152824,5302585004384.213
338,United States,1973,28042.5519161983,,6.17776006377038,1437994000000.0,13.0792155894304,,,1.0,211909000,1.0617776006377038,1.5231560891938254,5.907375643224699,6785.903383055935,26318.30095860882,,26318.30095860882,5577084837837.836
339,United States,1974,27637.2997739418,,11.0548048048048,1560763000000.0,16.4449863225396,,,1.0,213854000,1.110548048048048,1.6915380217267013,5.907375643224699,7298.264236348163,25487.803309092174,,25487.803309092174,5450668688862.598
340,United States,1975,27309.8688161152,,9.14314686496535,1697908000000.0,15.5163736331565,,,1.0,215973000,1.0914314686496536,1.8461978273299031,5.907375643224699,7861.6678936718945,25155.389494400122,,25155.389494400122,5432884935274.077
341,United States,1976,28509.143056991,,5.74481263549085,1890259000000.0,16.0488456356637,,,1.0,218035000,1.0574481263549085,1.9522584333905089,5.907375643224699,8669.520948471576,26233.26707852052,,26233.26707852052,5719770387465.221
342,United States,1977,29528.9663680223,,6.5016839947284,2102118000000.0,16.4178946751554,,,1.0,220239000,1.065016839947284,2.079188107489995,5.907375643224699,9544.712789288002,27118.375509122397,,27118.375509122397,5972523903753.607
343,United States,1978,30834.99923167,,7.63096383885606,2373180000000.0,16.9728342289651,,,1.0,222585000,1.0763096383885606,2.237850200114352,5.907375643224699,10661.904441000068,28144.81264292607,,28144.81264292607,6264613122125.698
344,United States,1979,31462.1003883959,,11.2544711292795,2659264000000.0,18.3761632042836,,,1.0,225055000,1.112544711292795,2.4897084048027454,5.907375643224699,11816.062740219058,28036.183311963083,,28036.183311963083,6309683235273.852
345,United States,1980,31081.62163338,,13.5492019749684,2891492000000.0,20.1098446894226,,,1.0,227225000,1.135492019749684,2.8270440251572335,5.907375643224699,12725.237099790957,26590.585441407646,,26590.585441407646,6042045776923.853
346,United States,1981,31559.1293373937,,10.3347153402771,3239976000000.0,19.4259131704272,,,1.0,229466000,1.103347153402771,3.1192109777015453,5.907375643224699,14119.634281331439,26740.731627663154,,26740.731627663154,6136088723673.354
347,United States,1982,30696.0834358718,,6.13142700027493,3380299000000.0,17.5368122809184,,,1.0,231664000,1.0613142700027494,3.3104631217838776,5.907375643224699,14591.386663443607,26037.686875077598,,26037.686875077598,6031994692227.977
348,United States,1983,31810.9216083487,,3.21243523316065,3671122000000.0,16.6655934803103,,,1.0,233792000,1.0321243523316066,3.416809605488853,5.907375643224699,15702.51334519573,27148.321265488983,,27148.321265488983,6347060325301.2
349,United States,1984,33818.8235524677,,4.30053547523429,4073903000000.0,17.5224074224053,,,1.0,235825000,1.0430053547523428,3.5637507146941134,5.907375643224699,17275.110781299692,28635.720293981758,,28635.720293981758,6753018738328.248
350,United States,1985,34918.1302027193,,3.54564415209365,4364344000000.0,16.603906126303,,,1.0,237924000,1.0354564415209364,3.6901086335048605,5.907375643224699,18343.43740017821,29365.416054949055,,29365.416054949055,6986737249457.698
351,United States,1986,35794.8877745985,,1.89804772234276,4596588000000.0,16.8979771514343,,,1.0,240133000,1.0189804772234277,3.7601486563750735,5.907375643224699,19141.84222909804,30072.76118163778,,30072.76118163778,7221462360830.225
352,United States,1987,36701.9453883904,,3.6645632175169,4872702000000.0,17.9735809845702,,,1.0,242289000,1.036645632175169,3.89794168096055,5.907375643224699,20111.11523841363,30478.62745042751,,30478.62745042751,7384636166336.631
353,United States,1988,37889.3773472194,,4.07774110744413,5259095000000.0,19.0701007058615,,,1.0,244499000,1.0407774110744412,4.056889651229277,5.907375643224699,21509.67897619213,31320.978533157206,,31320.978533157206,7657947930378.403
354,United States,1989,38911.5418949927,,4.82700303008944,5666369000000.0,19.4151283860195,,,1.0,246819000,1.0482700303008945,4.2527158376214995,5.907375643224699,22957.588354219082,31889.997697740182,,31889.997697740182,7871057341758.534
355,United States,1990,39200.0658103964,,5.39795643990325,5997836000000.0,19.8150673537315,,1.0,1.0,249623000,1.0539795643990324,4.482275586049174,5.907375643224699,24027.577587001197,31666.934323476773,31666.934323476773,31666.934323476773,7904795146629.243
356,United States,1991,38637.8398159491,6.8,4.23496396453849,6189716000000.0,19.7864481240974,,1.0,1.0,252981000,1.0423496396453849,4.6720983419096624,5.907375643224699,24467.11808396678,30936.09056397782,30936.09056397782,30936.09056397782,7826243126965.673
357,United States,1992,39447.9472847522,7.5,3.02881967814969,6551404000000.0,19.9505945023923,,1.0,1.0,256514000,1.030288196781497,4.813607775871928,5.907375643224699,25540.14205852312,31343.478768103192,31343.478768103192,31343.478768103192,8040041112721.223
358,United States,1993,40002.4762262205,6.9,2.95165696638559,6889717000000.0,20.0446187019752,,1.0,1.0,259919000,1.029516569663856,4.95568896512293,5.907375643224699,26507.169541280167,31597.585889876726,31597.585889876726,31597.585889876726,8212812926910.869
359,United States,1994,41106.9881841375,6.119,2.60744159215453,7310202000000.0,21.0554591617453,81.128,1.0,1.0,263126000,1.0260744159215454,5.084905660377358,5.907375643224699,27782.13479473712,32275.821296365204,32275.821296365204,32275.821296365204,8492607754427.392
360,United States,1995,41710.8207239918,5.65,2.80541968853662,7667701000000.0,22.4533816490568,80.86,1.0,1.0,266278000,1.0280541968853663,5.227558604917098,5.907375643224699,28795.84869947949,32540.600324075465,32540.600324075465,32540.600324075465,8664845973094.166
361,United States,1996,42783.8165710653,5.451,2.93120419993441,8103991000000.0,22.6870719902412,80.534,1.0,1.0,269394000,1.029312041999344,5.38078902229846,5.907375643224699,30082.299531541164,33026.27975346754,33026.27975346754,33026.27975346754,8897081607905.635
362,United States,1997,44151.6860411494,5.0,2.33768993730735,8600853000000.0,23.4283278026178,80.491,1.0,1.0,272657000,1.0233768993730734,5.506575185820469,5.907375643224699,31544.58898909619,33840.58700398108,33840.58700398108,33840.58700398108,9226872930744.47
363,United States,1998,45596.4306860229,4.511,1.55227909874364,9080228000000.0,22.8258939797637,80.254,1.0,1.0,275854000,1.0155227909874365,5.592052601486564,5.907375643224699,32916.789316087496,34772.89169406635,34772.89169406635,34772.89169406635,9592241265374.979
364,United States,1999,47234.2455275781,4.219,2.18802719697358,9662075000000.0,23.3135697296238,79.748,1.0,1.0,279040000,1.0218802719697357,5.714408233276159,5.907375643224699,34626.128870412846,35795.4038210121,35795.4038210121,35795.4038210121,9988349482215.217
365,United States,2000,48616.2546267835,3.992,3.37685727149929,10289432000000.0,25.1029855568536,79.31,1.0,1.0,282162411,1.033768572714993,5.907375643224699,5.907375643224699,36466.345618233325,36466.345618233325,36466.345618233325,36466.345618233325,10289432000000.0
366,United States,2001,48597.4246130164,4.731,2.82617111885407,10632293000000.0,22.9671830154975,78.87,1.0,1.0,284968955,1.0282617111885406,6.074328187535735,5.907375643224699,37310.35543854242,36284.88256692585,36284.88256692585,36284.88256692585,10340065067394.578
367,United States,2002,48967.3661209521,5.783,1.58603162650601,10974902000000.0,22.2863842136065,78.49,1.0,1.0,287625193,1.0158603162650601,6.170668953687821,5.907375643224699,38156.95657786138,36528.85572040434,36528.85572040434,36528.85572040434,10506619176650.451
368,United States,2003,49905.5233079503,5.989,2.27009497336115,11514946000000.0,22.6272972866813,78.087,1.0,1.0,290107933,1.0227009497336115,6.310748999428245,5.907375643224699,39691.93768996314,37154.890166495956,37154.890166495956,37154.890166495956,10778928387044.166
369,United States,2004,51348.3473392466,5.529,2.67723669309172,12293909000000.0,24.4480566571904,77.87,1.0,1.0,292805298,1.0267723669309172,6.479702687249857,5.907375643224699,41986.63440850718,38278.11759540247,38278.11759540247,38278.11759540247,11208035629400.865
370,United States,2005,52649.5713058632,5.084,3.3927468454955,13113997000000.0,25.6385573436769,77.896,1.0,1.0,295516599,1.033927468454955,6.699542595769014,5.907375643224699,44376.51571646573,39129.35014999135,39129.35014999135,39129.35014999135,11563372477405.584
371,United States,2006,53596.3152369749,4.623,3.22594410070404,13862043000000.0,26.9752858058903,77.781,1.0,1.0,298379912,1.0322594410070405,6.915666094911379,5.907375643224699,46457.69518157107,39684.255021784316,39684.255021784316,39684.255021784316,11840984521185.562
372,United States,2007,54152.8292653448,4.622,2.85267248150138,14569892000000.0,28.0120155631098,77.73,1.0,1.0,301231207,1.0285267248150138,7.1129473985134375,5.907375643224699,48367.80407018055,40169.956513408804,40169.956513408804,40169.956513408804,12100444485671.645
373,United States,2008,53703.9628962873,5.784,3.839100296651,14915076000000.0,29.8677875257061,77.725,1.0,1.0,304093966,1.03839100296651,7.386020583190397,5.907375643224699,49047.589454635876,39228.50363599259,39228.50363599259,39228.50363599259,11929151250914.406
374,United States,2009,51863.6183424227,9.254,-0.355546266299747,14628310000000.0,24.759527635837,77.33,1.0,1.0,306771529,0.9964445373370026,7.359759862778732,5.907375643224699,47684.705447355904,38274.54601320371,38274.54601320371,38274.54601320371,11741541002251.357
375,United States,2010,52812.682985453,9.633,1.6400434423899,15254604000000.0,28.2198829408336,76.51,1.0,1.0,309378227,1.016400434423899,7.480463121783879,5.907375643224699,49307.296599123634,38938.32751005632,38938.32751005632,38938.32751005632,12046670727406.549
376,United States,2011,53215.5362316915,8.949,3.156841568622,15837664000000.0,30.842478575914,76.005,1.0,1.0,311839461,1.03156841568622,7.716609491137791,5.907375643224699,50787.87639387306,38880.166778536164,38880.166778536164,38880.166778536164,12124370251808.824
377,United States,2012,54000.8410760833,8.069,2.06933726526067,16486660000000.0,30.681839575193,75.587,1.0,1.0,314339099,1.0206933726526066,7.876292166952546,5.907375643224699,52448.645594673544,39337.52645770354,39337.52645770354,39337.52645770354,12365322623603.191
378,United States,2013,54728.8601798884,7.375,1.46483265562717,17110921000000.0,29.9413062848227,74.971,1.0,1.0,316726282,1.0146483265562718,7.9916666666666725,5.907375643224699,54024.31680740659,39934.33992699831,39934.33992699831,39934.33992699831,12648255009202.328
379,United States,2014,55665.2411167663,6.168,1.62222297740817,17843297000000.0,29.906569337428,74.352,1.0,1.0,319257560,1.0162222297740817,8.121309319611209,5.907375643224699,55889.974852905594,40653.92206515554,40653.92206515554,40653.92206515554,12979071962951.719
380,United States,2015,56849.4697923159,5.28,0.118627135552451,18515147000000.0,27.6882139340768,73.844,1.0,1.0,321815121,1.0011862713555244,8.130943396226417,5.907375643224699,57533.48985736441,41799.8158505008,41799.8158505008,41799.8158505008,13451812795706.633
381,United States,2016,57430.8499282527,4.869,1.26158320570536,19036279000000.0,26.4525977865465,73.56,1.0,1.0,324353340,1.0126158320570535,8.233522012578618,5.907375643224699,58689.94288759289,42108.776606990876,42108.776606990876,42108.776606990876,13658122335791.357
382,United States,2017,58435.9707521832,4.355,2.13011000365961,19905052000000.0,27.1253382222874,73.25,1.0,1.0,326608609,1.0213011000365961,8.408905088622072,5.907375643224699,60944.66419897707,42814.49500014998,42814.49500014998,42814.49500014998,13983582657036.44
383,United States,2018,59817.6556796969,3.896,2.44258329692817,20946823000000.0,27.4453591302618,73.175,1.0,1.0,328529577,1.0244258329692817,8.614299599771298,5.907375643224699,63759.32173680667,43723.84079450157,43723.84079450157,43723.84079450157,14364574921032.945
384,United States,2019,61047.9648235152,3.669,1.81221007526021,21821877000000.0,26.2584806245428,73.125,1.0,1.0,330226227,1.018122100752602,8.770408805031453,5.907375643224699,66081.59866115055,44509.764034292435,44509.764034292435,44509.764034292435,14698291441704.691
385,United States,2020,59484.0335530935,8.055,1.23358439630629,21565702000000.0,23.0797778694073,71.64,1.0,1.0,331577720,1.012335843963063,8.878599199542595,5.907375643224699,65039.65948013636,43274.13498701233,43274.13498701233,43274.13498701233,14348739013965.78
386,United States,2021,62986.6563127547,5.349,4.69785886363742,23833823000000.0,25.2136560307765,71.375,1.0,1.0,332099760,1.0469785886363743,9.29570325900515,5.907375643224699,71767.0587898046,45607.62787582137,45607.62787582137,45607.62787582137,15146282271729.586
387,United States,2022,64198.4324880296,3.65,8.00279982052121,26156164000000.0,26.891689830077,71.78,1.0,1.0,334017321,1.0800279982052121,10.039619782732998,5.907375643224699,78307.80727685677,46076.80802586228,46076.80802586228,46076.80802586228,15390451977029.816
388,United States,2023,65505.2557007675,3.638,4.11633838374488,27820754000000.0,24.8993631439946,71.866,1.0,1.0,336806231,1.0411633838374488,10.452884505431681,5.907375643224699,82601.6606563315,46681.759278748774,46681.759278748774,46681.759278748774,15722707399124.652
389,United States,2024,66682.6147044553,4.106,2.94952520485207,29243108000000.0,24.8879916970734,71.592,1.0,1.0,340110988,1.0294952520485208,10.761194968553466,5.907375643224699,85981.07391931719,47199.451671820454,47199.451671820454,47199.451671820454,16053052141161.105
